,StartDate,EndDate,Status,IPAddress,Progress,Duration (in seconds),Finished,RecordedDate,ResponseId,RecipientLastName,RecipientFirstName,RecipientEmail,ExternalReference,LocationLatitude,LocationLongitude,DistributionChannel,UserLanguage,Q80_First Click,Q80_Last Click,Q80_Page Submit,Q80_Click Count,Q81_Browser,Q81_Version,Q81_Operating System,Q81_Resolution,Q112,Q83,Q82,Q84,expl_helpfulness,Q75,hashed_id,problem_id_x,explain,motivate,metacognitive,numFactors,Q75 - Topics,saw_prompts,Duration,read_prompts,filled_helpfulness,earliest,earliest_pro,last_login,username,section_id_x,is_student,is_ta,is_instructor,is_active,is_admin,is_staff,code_style,use_simpleui,user_id,id,section_id_y,timestamp,submission,score,has_best_score,problem_id_y,correct_rate,student explanation,Q95,Q94,Q96,Q93,Q97,Q98,Q99,Q92,Q100,Q101,Q91,Q102,explanation_length,has_explanation,motivate_stop,motivate_research,metacognitive_yes,friend,friend_yes,big,big_yes,question,question_yes,instructor,instructor_yes,sentence,sentence_yes,how,how_yes,W10_bubble,W11_prepare,W12_prepare,W12_perform
6,2019-07-23 09:30:40,2019-07-20 16:07:51,0,,21,257,1,2019-07-27 18:21:34,R_ykCewEBMWunSCyd,,,,,,,anonymous,ZH-S,1.802,,56.258,,Firefox,,Windows NT 10.0,,,,,,1,,,216,no_friend_small,yes,yes,,,1,233,1,0,1,1,2019-08-12 01:06:01.737927,,Lecture,1,False,False,True,False,False,eclipse,False,,,Lecture,2019-07-23 03:43:58.953955,,4.0,True,510.0,0.0,,,,,,,,,,,,,,0,0,1,0,1,no,1,no,0,no,0,no,0,no,0,no,0,1,0,0,0
7,2019-07-22 23:09:10,2019-07-23 08:33:15,0,,21,48,0,2019-07-22 21:25:25,R_sGSA3HOOYzJ1o2t,,,,,,,anonymous,EN,,,,,,,,1440x900,,,"that is how bubble sort sort, like a bubble...",,1,If a student gets the answer wrong perhaps giving hints or guides similar to an explanation might help them come to the answer instead of repeatedly guessing if they are unsure,,216,friend_small,no,no,,,1,55,1,0,1,1,2019-08-14 16:44:34.574540,,Lecture,1,False,False,True,False,False,eclipse,False,,,Lecture,2019-07-23 01:13:41.272581,,4.0,True,510.0,1.0,,,,,,,,,,,,,,0,0,0,0,1,no,1,no,1,no,0,no,0,no,0,no,0,1,0,0,0
8,2019-07-22 20:22:54,2019-07-23 11:09:19,0,,100,39,0,2019-07-28 00:33:27,R_5jLA5NvKikvjGut,,,,,,,anonymous,ZH-S,,,,,,,,,,,,,1,,,216,no_friend_small,no,no,,,1,76,1,0,1,1,2019-08-12 12:55:05.365145,,Lecture,1,False,False,True,False,False,eclipse,False,,,Lecture,2019-07-23 14:41:31.194157,,4.0,False,510.0,0.5,,,,,,,,,,,,,,0,0,1,0,1,no,0,no,1,no,0,no,0,no,0,no,0,1,0,0,0
9,2019-07-23 08:25:21,2019-07-23 06:50:37,0,,100,16,0,2019-07-28 22:31:28,R_3gahuA4pMQGh9K1,,,,,,,anonymous,ZH-S,13.235,,114.449,,,,,1280x800,,,,,1,,,216,no_friend_big,no,no,,,1,14,1,0,1,1,2019-08-15 03:39:12.385755,,Lecture,1,False,False,True,False,False,eclipse,False,,,Lecture,2019-07-22 06:52:00.960003,,2.0,False,510.0,1.0,,,,,,,,,,,,,,0,1,1,0,0,no,1,no,0,no,0,no,0,no,0,no,0,1,0,0,0
10,2019-07-22 17:36:19,2019-07-21 21:12:25,0,,21,50,0,2019-07-29 19:54:20,R_2Pv80UMDwRjg5eP,,,,,,,anonymous,EN,,36.981,,4,,,,,,,,,1,,,216,friend_big,no,no,,,1,79,1,1,1,1,2019-08-12 03:41:42.370781,,Lecture,1,False,False,True,False,False,eclipse,False,,,Lecture,2019-07-21 21:46:13.375418,,4.0,False,510.0,0.5,,,,,,,,,,,,,,0,1,0,0,0,no,0,no,1,no,0,no,0,no,0,no,0,1,0,0,0
11,2019-07-23 08:55:47,2019-07-21 17:26:44,0,,21,236,0,2019-07-29 20:23:52,R_2usz9deD4NchYtV,,,,,,,anonymous,ZH-S,,,,1,,75.0.3770.142,Windows NT 10.0,,,,,,1,,,216,friend_big,no,no,,,1,26,1,0,1,1,2019-08-11 16:34:46.962101,,Lecture,1,False,False,True,False,False,eclipse,False,,,Lecture,2019-07-23 12:56:04.285374,,,True,510.0,1.0,We know (from the videos) that a full pass is when the largest element in the unsorted section of a list is moved to the end of that section. ,,,,,,,,,,,,,0,0,0,0,1,no,0,no,1,no,0,no,0,no,0,no,0,1,0,0,0
12,2019-07-20 10:53:16,2019-07-23 09:26:31,0,,21,44,0,2019-07-30 09:51:35,R_3CITFO4EvVQURaS,,,,,,,anonymous,EN,18.401,230.437,,,,,,,,,,,1,,,216,friend_big,yes,yes,,,1,67,1,0,1,1,2019-08-07 09:50:55.849742,,Lecture,1,False,False,True,False,False,eclipse,False,,,Lecture,2019-07-25 15:27:30.261217,,4.0,True,510.0,0.5,Made assumptions that may not have been correct. ,,,,,,,,,,,,,0,1,1,0,1,no,0,no,0,no,0,no,0,no,0,no,0,1,0,0,0
13,2019-07-22 21:24:45,2019-07-22 19:01:02,0,,21,25,1,2019-07-27 09:45:59,R_2bW6Y7RpGN7lYwc,,,,,,,anonymous,EN,,,11.666,6,,75.0.3770.100,,,,,,,1,,,216,no_friend_big,no,yes,,,1,30,1,1,1,1,2019-08-15 00:33:20.214331,,Lecture,1,False,False,True,False,False,eclipse,False,,,Lecture,2019-07-19 22:36:31.901889,,2.0,True,510.0,1.0,,,,,,,,,,,,,,0,0,1,0,1,no,0,no,1,no,0,no,0,no,0,no,0,1,0,0,0
14,2019-07-23 11:07:22,2019-07-21 11:49:43,0,,21,59,1,2019-07-29 11:21:34,R_2QWHsOLstinnTFb,,,,,,,anonymous,EN,,176.815,,,Chrome,,,,,,,,1,,,216,no_friend_big,no,yes,,,1,57,1,1,1,1,2019-08-05 20:03:05.155047,,Lecture,1,False,False,True,False,False,eclipse,False,,,Lecture,2019-07-23 02:11:31.707505,,4.0,True,510.0,1.0,,,,,,,,,,,,,,140,1,0,0,1,no,1,no,0,no,0,no,0,no,0,no,0,1,0,0,0
15,2019-07-22 16:30:23,2019-07-23 07:49:36,0,,100,45,0,2019-07-30 08:42:12,R_1mOsS1opJJxnbLZ,,,,,,,anonymous,EN,,,,12,,12.0.2,Macintosh,,,,,,1,,,216,no_friend_small,no,yes,,,1,14,1,0,1,1,2019-08-12 04:47:17.514782,,Lecture,1,False,False,True,False,False,eclipse,False,,,Lecture,2019-07-23 00:07:06.998330,,2.0,False,510.0,1.0,,,,,,,,,,,,,,0,0,0,0,1,no,0,no,0,no,0,no,0,no,0,no,0,1,0,0,0
16,2019-07-23 09:05:45,2019-07-22 09:23:53,0,,21,85,0,2019-07-30 06:36:55,R_2s1ckmxBfW1bndD,,,,,,,anonymous,EN,,,,2,,,,,,,,,1,,,216,friend_small,no,yes,,,1,45,1,1,1,1,2019-08-12 14:35:39.085250,,Lecture,1,False,False,True,False,False,eclipse,False,,,Lecture,2019-07-22 06:12:32.835407,,4.0,False,510.0,0.5,,,,,,,,,,,,,,0,1,0,0,0,no,1,no,1,no,0,no,0,no,0,no,0,1,0,0,0
17,2019-07-20 16:05:17,2019-07-22 14:35:06,0,,100,42,0,2019-07-29 19:01:18,R_2xVqxpvMDgzjq27,,,,,,,anonymous,EN,4.509,,39.907,3,,,,,,,,,1,,,216,no_friend_big,yes,no,,,1,257,1,0,0,1,2019-08-12 15:16:32.058138,,Lecture,1,False,False,True,False,False,eclipse,False,,,Lecture,2019-07-20 16:46:32.602993,,2.0,True,510.0,1.0,looked at the definition,,,,,,,,,,,,,0,1,1,0,0,no,1,no,0,no,0,no,0,no,0,no,0,1,0,0,0
18,2019-07-23 09:42:57,2019-07-22 20:10:45,0,,21,1,0,2019-07-29 14:10:48,R_4OXDzhKVMkAikKZ,,,,,,,anonymous,KO,,,,2,Safari,,,,"think about if the first item is the largest, and it will be moved to the far right on the first pass",,,,1,,,216,friend_small,yes,no,,,1,1,1,0,1,1,2019-08-11 23:16:04.666479,,Lecture,1,False,False,True,False,False,eclipse,False,,,Lecture,2019-07-21 19:45:16.305770,,4.0,True,510.0,1.0,,,,,,,,,,,,,,0,0,0,0,0,no,1,no,1,no,0,no,0,no,0,no,0,1,0,0,0
19,2019-07-21 12:09:17,2019-07-23 08:54:42,0,,100,47,0,2019-07-23 09:26:31,R_2AZOo0idy44x01I,,,,,,,anonymous,EN,,176.757,,,,,,1440x900,,,,,1,,,216,no_friend_big,yes,yes,,,1,149,1,1,1,1,2019-08-10 18:13:56.157957,,Lecture,1,False,False,True,False,False,eclipse,False,,,Lecture,2019-07-23 03:17:54.054472,,4.0,True,510.0,1.0,,,,,,,,,,,,,,0,1,1,0,0,no,1,no,1,no,0,no,0,no,0,no,0,1,0,0,0
20,2019-07-20 09:38:52,2019-07-22 19:12:54,0,,21,35,0,2019-07-22 17:32:07,R_AnW8CdYv0hWtAE9,,,,,,,anonymous,ZH-S,,,32.643,,,,Macintosh,,,,,,1,,,216,friend_small,no,no,,,1,11,1,0,1,1,2019-08-12 15:31:44.885113,,Lecture,1,False,False,True,False,False,eclipse,False,,,Lecture,2019-07-23 04:02:14.214307,,2.0,True,510.0,0.5,,,,,,,,,,,,,,0,0,0,0,1,no,1,no,1,no,0,no,0,no,0,no,0,1,0,0,0
21,2019-07-23 07:48:10,2019-07-22 23:42:49,0,,21,14,1,2019-07-29 16:21:42,R_1dmZjOrPo5HD7e8,,,,,,,anonymous,EN,,,56.427,,,12.1.1,,,,,,,1,,,216,no_friend_big,yes,yes,,,1,66,1,1,1,1,2019-08-07 21:27:56.890237,,Lecture,1,False,False,True,False,False,eclipse,False,,,Lecture,2019-07-22 20:09:12.721098,,4.0,False,510.0,1.0,,,,,,,,,,,,,,435,1,0,0,0,no,1,no,1,no,0,no,0,no,0,no,0,1,0,0,0
22,2019-07-23 09:32:03,2019-07-22 21:40:51,0,,21,30,0,2019-07-23 09:30:38,R_1In0IAncUo32ma4,,,,,,,anonymous,EN,87.772,,,,,,Windows NT 10.0,,because that's how the method works,,,,1,,,216,friend_big,yes,no,,,1,32,1,1,1,1,2019-08-10 19:45:28.108938,,Lecture,1,False,False,True,False,False,eclipse,False,,,Lecture,2019-07-22 12:47:46.000360,,4.0,True,510.0,0.5,"forgot how bubble sort worked, i remember that that their will be movement and replacement but i think i am confusing it with selection sort",,,,,,,,,,,,,0,1,0,0,1,no,0,no,0,no,0,no,0,no,0,no,0,1,0,0,0
23,2019-07-21 21:10:15,2019-07-21 20:14:39,0,,21,13,0,2019-07-28 19:28:17,R_2y3NKZE2ZoGpUOT,,,,,,,anonymous,EN,16.317,7.3,,,,,,,,,,,5,,,216,friend_small,yes,yes,,,1,69,1,0,1,1,2019-08-12 05:42:09.635922,,Lecture,1,False,False,True,False,False,eclipse,False,,,Lecture,2019-07-23 15:32:29.134354,,2.0,True,510.0,1.0,,,,,,,,,,,,,,0,0,0,0,1,no,0,no,0,no,0,no,0,no,0,no,0,1,0,0,0
24,2019-07-23 09:47:25,2019-07-21 21:24:10,0,,21,80,0,2019-07-28 15:43:00,R_AO7ASHyIGKtfZuh,,,,,,,anonymous,EN,20.25,,,2,Chrome,,Windows NT 10.0,1536x864,,"keep compare[i] and [i + 1]  and move the larger number to the right, which eventually have the largest on the right ",,,4,,,216,friend_small,yes,no,,,1,75,1,1,1,1,2019-08-13 00:50:07.159051,,Lecture,1,False,False,True,False,False,eclipse,False,,,Lecture,2019-07-22 03:06:27.483448,,4.0,True,510.0,0.5,You want all the largest number on the right side of the list,,,,,,,,,,,,,0,0,1,0,1,no,1,no,1,no,0,no,0,no,0,no,0,1,0,0,0
25,2019-07-25 09:26:35,2019-07-21 16:36:51,0,,100,108,1,2019-07-30 09:33:18,R_2QzA1LjNuyp7RQ1,,,,,,,anonymous,ZH-S,,,,,,,Macintosh,,,,,,1,,,216,friend_big,no,no,,,1,54,1,0,1,1,2019-08-15 01:21:01.694101,,Lecture,1,False,False,True,False,False,eclipse,False,,,Lecture,2019-07-22 19:02:16.843829,,4.0,True,510.0,0.5,,,,,,,,,,,,,,0,0,0,0,1,no,0,no,1,no,0,no,0,no,0,no,0,1,0,0,0
26,2019-07-22 15:20:48,2019-07-22 19:42:52,8,,21,76,0,2019-08-19 21:26:31,R_3fdaQ9J8QAciBHy,,,,,,,anonymous,EN,,,46.187,,,,Macintosh,1920x1080,,,,,1,,,216,friend_small,no,yes,,,1,122,0,0,1,1,2019-08-14 11:40:33.397079,,Lecture,1,False,False,True,False,False,eclipse,False,,,Lecture,2019-07-21 22:40:48.561207,,4.0,,510.0,1.0,,,,,,,,,,,,,,0,0,0,0,1,no,1,no,0,no,0,no,0,no,0,no,0,1,0,0,0
27,2019-07-22 22:00:10,2019-07-22 17:17:57,0,,21,68,0,2019-07-30 01:52:35,R_1Nmj8cHVF1pmDZf,,,,,,,anonymous,EN,,36.94,,,,75.0.3770.142,,,,,,,1,,,216,friend_small,no,no,,,1,17,1,1,1,1,2019-08-15 00:12:16.630070,,Lecture,1,False,False,True,False,False,eclipse,False,,,Lecture,2019-07-23 14:29:42.344738,,2.0,True,510.0,1.0,,,,,,,,,,,,,,0,1,0,0,0,no,0,no,0,no,0,no,0,no,0,no,0,1,0,0,0
29,2019-07-22 20:41:01,2019-07-23 09:33:12,0,,21,43,0,2019-07-29 09:53:03,R_291jCjqiCbglXS5,,,,,,,anonymous,EN,,72.169,,,Chrome,,,,,,,,1,,,216,no_friend_small,yes,no,,,1,30,1,0,1,1,2019-08-14 19:21:16.881929,,Lecture,1,False,False,True,False,False,eclipse,False,,,Lecture,2019-07-22 03:36:58.150438,,4.0,True,510.0,1.0,,,,,,,,,,,,,,0,0,0,0,1,no,1,no,1,no,0,no,0,no,0,no,0,1,0,0,0
30,2019-07-23 02:22:50,2019-07-22 12:51:51,0,,21,86,0,2019-07-23 09:52:24,R_Aul0BUfq300Lsnn,,,,,,,anonymous,KO,,80.041,,2,,,,,,,,,4,,,216,no_friend_big,no,no,,,1,1,1,0,1,1,2019-08-08 17:17:12.413007,,Lecture,1,False,False,True,False,False,eclipse,False,,,Lecture,2019-07-22 15:50:10.678525,,4.0,False,510.0,0.5,,,,,,,,,,,,,,0,0,0,0,0,no,1,no,1,no,0,no,0,no,0,no,0,1,0,0,0
31,2019-07-22 11:52:32,2019-07-22 18:30:35,0,,100,122,1,2019-07-27 15:38:02,R_3QEnd3qtVtLvol8,,,,,,,anonymous,EN,,,254.888,,,,,1280x720,,,,,1,,,216,no_friend_small,no,yes,,,1,38,1,0,1,1,2019-08-13 21:51:35.538245,,Lecture,1,False,False,True,False,False,eclipse,False,,,Lecture,2019-07-23 02:41:23.490200,,4.0,True,510.0,0.5,,,,,,,,,,,,,,0,0,0,0,0,no,0,no,0,no,0,no,0,no,0,no,0,1,0,0,0
32,2019-07-21 21:22:51,2019-07-21 13:46:03,0,,21,114,0,2019-07-23 06:50:37,R_2OSwdwzanFYiJaO,,,,,,,anonymous,EN,,,10.401,25,,,Windows NT 10.0,,,,,,1,,,216,no_friend_big,yes,yes,,,1,53,1,0,1,1,2019-08-12 13:09:26.197165,,Lecture,1,False,False,True,False,False,eclipse,False,,,Lecture,2019-07-21 07:49:28.923370,,2.0,True,,0.5,,,,,,,,,,,,,,0,0,0,0,0,no,1,no,0,no,0,no,0,no,0,no,0,1,0,0,0
34,2019-07-22 19:41:13,2019-07-21 15:42:43,8,,21,14,0,2019-07-30 09:43:09,R_A5m8xD2jsqZEpxL,,,,,,,anonymous,EN,,18.572,,,,,Windows NT 10.0,,,,,,1,,,216,no_friend_big,no,yes,,,1,4,1,1,1,1,2019-08-09 01:01:55.004304,,Lecture,1,False,False,True,False,False,eclipse,False,,,Lecture,2019-07-22 19:45:46.152399,,4.0,True,510.0,0.5,Bubble sort sorts through a list by finding the largest value in the list and placing it at the end. ,,,,,,,,,,,,,237,0,0,0,0,no,1,no,1,no,0,no,0,no,0,no,0,1,0,0,0
35,2019-07-22 09:51:32,2019-07-21 21:06:41,0,,21,1,0,2019-07-22 10:58:04,R_pQoWAK0ocJKROgx,,,,,,,anonymous,EN,,,,,,,,,,,,"Well, because that's what a bubble sort does; for each two items in a list, it compares which is largest and ensures the largest is to the right of the two, going through the whole list the largest item in the list should be at the far right",1,,,216,no_friend_small,no,yes,,,1,67,1,0,1,1,2019-08-13 20:16:16.579190,,Lecture,1,False,False,True,False,False,eclipse,False,,,Lecture,2019-07-22 17:12:34.916284,,4.0,False,510.0,1.0,,,,,,,,,,,,,,0,1,0,0,0,no,1,no,1,no,0,no,0,no,0,no,0,1,0,0,0
36,2019-07-22 19:12:52,2019-07-22 22:04:54,0,,21,41,1,2019-07-29 14:04:46,R_1F5rOOppwuaUZc9,,,,,,,anonymous,EN,,,180.056,,Chrome,,Windows NT 10.0,,,,,,6,,,216,friend_big,yes,no,,,1,36,1,0,1,1,2019-08-07 23:02:23.259295,,Lecture,1,False,False,True,False,False,eclipse,False,,,Lecture,2019-07-23 02:23:26.267777,,4.0,False,510.0,1.0,,,,,,,,,,,,,,0,0,0,0,1,no,0,no,0,no,0,no,0,no,0,no,0,1,0,0,0
37,2019-07-22 15:46:30,2019-07-23 09:48:05,0,,21,91,0,2019-07-28 13:46:10,R_wZwZR6frU0S6UZb,,,,,,,anonymous,EN,,53.077,,,,75.0.3770.142,Windows NT 10.0,1920x1080,,,,,1,,,216,no_friend_big,yes,yes,,,1,35,1,0,1,1,2019-08-11 23:30:35.426076,,Lecture,1,False,False,True,False,False,eclipse,False,,,Lecture,2019-07-23 07:52:26.399901,,2.0,True,510.0,1.0,,,,,,,,,,,,,,0,0,1,0,1,no,0,no,1,no,0,no,0,no,0,no,0,1,0,0,0
38,2019-07-22 18:10:21,2019-07-23 00:16:59,0,,21,111,0,2019-07-28 21:12:46,R_vrATISzONdEIw8N,,,,,,,anonymous,EN,,11.085,216.344,3,,75.0.3770.142,Windows NT 10.0,,,,,,1,,,216,friend_small,no,no,,,1,68,1,1,1,1,2019-08-13 23:08:42.418001,,Lecture,1,False,False,True,False,False,eclipse,False,,,Lecture,2019-07-21 00:19:29.899760,,4.0,False,510.0,1.0,,,,,,,,,,,,,,0,0,0,0,0,no,1,no,0,no,0,no,0,no,0,no,0,1,0,0,0
39,2019-08-19 17:16:07,2019-07-23 09:52:24,0,,21,66,0,2019-07-29 19:56:16,R_3MffcvKQLWGipv7,,,,,,,anonymous,EN,,43.429,99.883,,Safari,75.0.3770.100,Windows NT 10.0,,You want all the largest number on the right side of the list,,This is what the PCRS video taught me.,,1,the data on this test for me probably shouldnt be included,,216,no_friend_big,yes,no,,,1,26,1,1,1,1,2019-08-15 03:36:56.160203,,Lecture,1,False,False,True,False,False,eclipse,False,,,Lecture,2019-07-22 01:27:52.389506,,2.0,True,510.0,1.0,,,,,,,,,,,,,,66,0,1,0,0,no,0,no,1,no,0,no,0,no,0,no,0,1,0,0,0
40,2019-07-23 07:05:25,2019-07-22 14:04:33,0,,21,367,0,2019-07-20 09:43:10,R_1jxgJWNKupQsUAJ,,,,,,,anonymous,EN,18.427,,,8,,,Macintosh,,,,,,1,,,216,no_friend_big,no,yes,,,1,1,1,0,1,1,2019-08-14 14:32:08.253490,,Lecture,1,False,False,True,False,False,eclipse,False,,,Lecture,2019-07-23 03:27:26.337073,,2.0,False,510.0,0.5,,,,,,,,,,,,,,0,0,1,0,1,no,0,no,0,no,0,no,0,no,0,no,0,1,0,0,0
41,2019-07-20 17:32:09,2019-07-23 07:47:13,0,,100,83,0,2019-07-29 20:12:06,R_8AkzltwNMvoTfA5,,,,,,,anonymous,EN,33.174,,,,,,,,,,,,1,,,216,friend_big,no,no,,,1,28,1,0,1,1,2019-08-12 01:12:22.525484,,Lecture,1,False,False,True,False,False,eclipse,False,,,Lecture,2019-07-23 03:08:58.929328,,4.0,False,510.0,1.0,,,,,,,,,,,,,,0,0,0,0,1,no,0,no,1,no,0,no,0,no,0,no,0,1,0,0,0
42,2019-07-22 17:49:01,2019-07-22 15:20:50,0,,100,55,0,2019-07-30 07:34:49,R_OxRpp7rJ1sUauD7,,,,,,,anonymous,EN,,,2.345,2,,,,,,,,,6,,,216,no_friend_big,no,yes,,,1,1,1,0,1,1,2019-08-13 15:08:23.874469,,Lecture,1,False,False,True,False,False,eclipse,False,,,Lecture,2019-07-23 13:06:09.044283,,2.0,True,510.0,0.5,,,,,,,,,,,,,,100,1,1,0,0,no,1,no,1,no,0,no,0,no,0,no,0,1,0,0,0
43,2019-07-22 09:45:47,2019-07-23 01:52:32,0,,100,9,0,2019-07-29 23:13:48,R_2D5lCywqZvBiUcp,,,,,,,anonymous,EN,,45.139,39.988,,Safari,75.0.3770.142,Windows NT 10.0,,,,,,5,,,216,no_friend_small,no,yes,,,1,2,1,1,1,1,2019-08-14 18:46:40.113701,,Lecture,1,False,False,True,False,False,shaped ,False,,,Lecture,2019-07-23 04:17:02.843013,,2.0,True,510.0,0.5,,,,,,,,,,,,,,0,0,0,0,0,no,1,no,0,no,0,no,0,no,0,no,0,1,0,0,0
44,2019-07-22 20:38:50,2019-07-22 23:41:51,0,,21,129,1,2019-07-28 21:46:17,R_4133hntvNXn07Tz,,,,,,,anonymous,ZH-S,,,,,Safari,75.0.3770.142,,,,,,,3,,,216,friend_big,no,no,,,1,68,1,0,1,1,2019-07-29 14:55:20.337516,,Lecture,1,False,False,True,False,False,eclipse,False,,,Lecture,2019-07-20 05:56:01.826798,,4.0,True,510.0,1.0,,,,,,,,,,,,,,0,1,0,0,1,no,1,no,0,no,0,no,0,no,0,no,0,1,0,0,0
45,2019-07-22 16:05:20,2019-07-23 09:42:58,0,,21,21,0,2019-07-23 09:42:11,R_3dGIbXXWRfEpXiB,,,,,,,anonymous,EN,,,,,,75.0.3770.142,,,,,,,1,,,216,no_friend_big,no,yes,,,1,370698,1,0,1,1,2019-08-12 13:36:09.487004,,Lecture,1,False,False,True,False,False,eclipse,False,,,Lecture,2019-07-22 13:49:12.992338,,4.0,False,510.0,1.0,,,,,,,,,,,,,,0,0,1,0,0,no,1,no,1,no,0,no,0,no,0,no,0,1,0,0,0
46,2019-07-22 21:27:32,2019-07-22 20:11:24,0,,21,59,0,2019-08-16 23:31:43,R_2Slf4EJvO9P9OJw,,,,,,,anonymous,ZH-S,,,,,Chrome,75.0.3770.142,Windows NT 10.0,1536x864,,,,,1,,,216,no_friend_big,yes,no,,,1,62,1,1,1,1,2019-08-11 21:22:28.411481,,Lecture,1,False,False,True,False,False,eclipse,False,,,Lecture,2019-07-20 06:01:49.125845,,2.0,False,510.0,0.5,,,,,,,,,,,,,,0,0,1,0,0,no,1,no,0,no,0,no,0,no,0,no,0,1,0,0,0
47,2019-07-21 15:44:37,2019-07-22 22:16:19,0,,21,53,1,2019-07-20 00:00:50,R_2CxrlCfNTPdExzf,,,,,,,anonymous,EN,,,54.101,4,Chrome,,,1280x720,,,,,1,,,216,no_friend_big,no,no,,,1,32,1,0,1,1,2019-08-12 00:28:39.970591,,Lecture,1,False,False,True,False,False,eclipse,False,,,Lecture,2019-07-23 00:29:12.644987,,4.0,False,510.0,0.5,,,,,,,,,,,,,,36,0,0,0,0,no,0,no,1,no,0,no,0,no,0,no,0,1,0,0,0
48,2019-07-22 18:28:25,2019-07-20 09:45:57,0,,100,149,0,2019-08-15 00:16:14,R_2VJGIBfvAT5tp9S,,,,,,,anonymous,EN,16.744,,,,,,,1440x900,,,,,1,,,216,friend_big,yes,no,,,1,59,1,1,1,1,2019-08-14 19:51:36.629987,,Lecture,1,False,False,True,False,False,eclipse,False,,,Lecture,2019-07-23 14:56:04.102057,,4.0,True,510.0,0.5,,,,,,,,,,,,,,0,0,1,0,1,no,0,no,0,no,0,no,0,no,0,no,0,1,0,0,0
49,2019-07-20 09:44:31,2019-07-19 15:38:44,8,,21,183,0,2019-07-22 16:18:32,R_3QKHGOFd20zU4Ma,,,,,,,anonymous,EN,7.3,164.32,,,,,Macintosh,,,,,"You are trying to sort the list from least to greatest. Therefore, the largest item will keep moving towards the right so the numbers are the right are smaller. After all of the passes, the list will be ordered from smallest to largest. ",3,,,216,friend_big,no,yes,,,1,104,1,1,1,1,2019-08-12 02:07:08.465114,,Lecture,1,False,False,True,False,False,eclipse,False,,,Lecture,2019-07-21 15:38:29.321102,,4.0,True,510.0,0.5,,,,,,,,,,,,,,49,0,0,0,0,no,0,no,1,no,0,no,0,no,0,no,0,1,0,0,0
50,2019-07-19 14:39:20,2019-07-22 11:53:24,0,,21,99,1,2019-07-28 11:29:12,R_3lubUzzaYiXeEtp,,,,,,,anonymous,EN,30.137,,,,Safari,75.0.3770.142,Windows NT 10.0,,,,,,1,,,216,friend_big,no,yes,,,1,39,1,1,1,1,2019-08-12 02:47:24.599363,,Lecture,1,False,False,True,False,False,eclipse,False,,,Lecture,2019-07-23 02:33:18.464432,,4.0,False,510.0,0.5,,,,,,,,,,,,,,0,0,1,0,0,no,1,no,0,no,0,no,0,no,0,no,0,1,0,0,0
51,2019-08-18 20:58:09,2019-08-16 19:31:21,0,,21,52,0,2019-07-30 09:45:52,R_2v5Mq6Mkokx9Osp,,,,,,,anonymous,EN,,126.81,,,Chrome,,Macintosh,,,,,,4,,,216,friend_small,no,yes,,,1,44,1,0,1,1,2019-08-15 02:35:26.926099,,Lecture,1,False,False,True,False,False,eclipse,False,,,Lecture,2019-07-23 15:49:36.064939,,2.0,False,510.0,1.0,,,,,,,,,,,,,,0,0,0,0,1,no,0,no,1,no,0,no,0,no,0,no,0,1,0,0,0
52,2019-07-22 21:17:19,2019-07-23 09:06:00,0,,21,110,1,2019-07-22 11:53:01,R_ZrAfpzAK1QVIM2R,,,,,,,anonymous,EN,,,,3,,,Windows NT 10.0,,,,,,1,,,216,no_friend_big,no,no,,,1,21,1,0,1,1,2019-08-14 02:00:52.338196,,Lecture,1,False,False,True,False,False,eclipse,False,,,Lecture,2019-07-23 01:19:04.903148,,4.0,False,510.0,1.0,,,,,,,,,,,,,,0,0,1,0,1,no,1,no,0,no,0,no,0,no,0,no,0,1,0,0,0
53,2019-07-22 15:59:51,2019-07-21 21:37:06,0,,100,1625,1,2019-07-27 13:37:24,R_1DXTY77A96x8418,,,,,,,anonymous,EN,50.96,,,,,,,,,,,,1,,,216,no_friend_big,no,no,,,1,63,1,0,1,1,2019-08-12 01:16:30.391068,,Lecture,1,False,False,True,False,False,eclipse,False,,,Lecture,2019-07-23 01:43:35.841249,,2.0,True,510.0,1.0,,,,,,,,,,,,,,0,1,1,0,0,no,0,no,0,no,0,no,0,no,0,no,0,1,0,0,0
54,2019-07-23 08:29:16,2019-07-23 08:41:24,0,,21,36,1,2019-07-22 21:27:09,R_2aJLCC7fjkMMZH0,,,,,,,anonymous,EN,4.124,,,,,75.0.3770.142,,,,,,,1,,,216,no_friend_small,no,no,,,1,42,1,1,1,1,2019-08-04 03:04:23.823018,,Lecture,1,False,False,True,False,False,monokai,False,,,Lecture,2019-07-23 14:25:29.950938,,2.0,True,510.0,0.5,I reviewed the algorithm and watched which items got moved to the right,,,,,,,,,,,,,0,0,1,0,1,no,0,no,0,no,0,no,0,no,0,no,0,1,0,0,0
55,2019-07-21 19:12:46,2019-07-22 23:13:40,0,,100,4,0,2019-07-29 18:08:07,R_2zSUJmqTE4iIUdH,,,,,,,anonymous,EN,5.069,,,,,,,,,,"In bubble sort, it sorts from smallest to largest moving left to right",,1,,,216,friend_big,no,no,,,1,155,1,1,1,1,2019-08-10 16:00:18.307719,,Lecture,1,False,False,True,False,False,eclipse,False,,,Lecture,2019-07-20 22:47:41.877622,,2.0,False,510.0,0.5,,,,,,,,,,,,,,0,0,1,0,0,no,0,no,1,no,0,no,0,no,0,no,0,1,0,0,0
56,2019-07-20 17:54:06,2019-07-22 22:12:15,0,,21,1,0,2019-07-28 21:28:18,R_2aEuK1xDBOX4dXw,,,,,,,anonymous,ZH-S,9.011,4.624,27.973,,,,,,,Because if we look to compare two numbers we want to move the higher on the right.,,,1,,,216,friend_small,no,no,,,1,4,1,0,1,1,2019-08-15 03:27:21.481082,,Lecture,1,False,False,True,False,False,eclipse,False,,,Lecture,2019-07-22 18:52:06.957848,,4.0,False,510.0,0.5,"in each iteration the unsorted list must decrease in its size by one, so by moving the largest element, algorithm can get repeat. ",,,,,,,,,,,,,0,1,1,0,0,no,1,no,0,no,0,no,0,no,0,no,0,1,0,0,0
57,2019-07-23 09:30:07,2019-07-22 14:24:36,0,,21,20,1,2019-07-30 02:22:53,R_1KkhfrW769IrS2e,,,,,,,anonymous,EN,6.392,,48.31,,,,,,,"bubble sort compares each two adjacent values in a list for the length of the list, and moves the larger item to the right each comparison. each value is compared twice, excluding the first and last",,,1,,,216,friend_big,no,yes,,,1,42,0,1,1,1,2019-08-07 14:31:16.858404,,Lecture,1,False,False,True,False,False,eclipse,False,,,Lecture,2019-07-23 13:48:35.012126,,4.0,False,510.0,0.5,"When comparing to the next value, the item has to be greater than all the other values to get shifted to the last index.",,,,,,,,,,,,,0,1,1,0,1,no,0,no,1,no,0,no,0,no,0,no,0,1,0,0,0
58,2019-07-21 08:15:21,2019-07-22 14:09:57,0,,100,67,0,2019-07-29 19:13:20,R_3MbyODY6hNjSR7K,,,,,,,anonymous,EN,,51.033,59.56,,,75.0.3770.142,,,,,,,6,,,216,friend_small,yes,no,,,1,89,1,0,1,1,2019-08-10 23:43:23.474884,,Lecture,1,False,False,True,False,False,eclipse,False,,,Lecture,2019-08-06 00:39:45.952251,,4.0,True,510.0,1.0,,,,,,,,,,,,,,0,0,0,0,1,no,0,no,0,no,0,no,0,no,0,no,0,1,0,0,0
59,2019-07-22 13:01:11,2019-07-22 21:27:08,0,,100,28,1,2019-07-30 07:06:26,R_32WMvrO7FEROewl,,,,,,,anonymous,EN,8.637,61.744,40.074,3,,,,1440x900,,,,,4,,,216,no_friend_big,yes,no,,,1,61,1,1,1,1,2019-08-12 02:36:00.901241,,Lecture,1,False,False,True,False,False,eclipse,False,,,Lecture,2019-07-23 15:07:42.027200,,4.0,False,510.0,1.0,,,,,,,,,,,,,,0,1,1,0,1,no,1,no,1,no,0,no,0,no,0,no,0,1,0,0,0
60,2019-07-22 20:10:36,2019-07-21 19:13:11,0,,21,1,1,2019-07-26 15:39:32,R_XYyv4KC60bdjJV7,,,,,,,anonymous,EN,3.385,,,,,75.0.3770.142,Macintosh,,,,,,1,,,216,friend_big,no,no,,,1,6,0,0,1,1,2019-08-14 18:23:39.179779,,Lecture,1,False,False,True,False,False,eclipse,False,,,Lecture,2019-07-23 15:28:00.969437,,4.0,True,510.0,0.5,That's how the algorithm was explained in the video.,,,,,,,,,,,,,0,1,0,0,1,no,0,no,1,no,0,no,0,no,0,no,0,1,0,0,0
61,2019-07-23 07:45:15,2019-07-22 16:06:23,0,,21,59,0,2019-07-22 23:42:50,R_12tHDFjsTqOnJ8q,,,,,,,anonymous,EN,,215.123,,,Chrome,,Macintosh,1280x720,,,,,1,,,216,friend_small,yes,no,,,1,85,1,0,1,1,2019-08-12 13:20:36.321668,,Lecture,1,False,False,True,False,False,eclipse,False,,,Lecture,2019-07-23 15:53:03.951361,,4.0,True,510.0,1.0,"The bubble sort algorithm iterates over a list and compares index [i] to the next 
[i + 1]. The larger element is moved to the end of the 

Iteration 1:
[|i|i+1|....|x|]

Largest element gets pushed to the end 
[|i|.......|i + 1|] 
",,,,,,,,,,,,,0,0,0,0,0,no,0,no,0,no,0,no,0,no,0,no,0,1,0,0,0
62,2019-07-22 17:32:00,2019-07-22 11:53:00,0,,21,25,1,2019-07-30 08:33:16,R_1oBG0SSkTGP6d7v,,,,,,,anonymous,ZH-S,,,,8,,,,,,,,,4,,,216,no_friend_small,yes,no,,,1,44,1,0,1,1,2019-08-12 13:48:19.282629,,Lecture,1,False,False,True,False,False,monokai,False,,,Lecture,2019-07-23 12:53:03.037966,,4.0,True,510.0,0.5,,,,,,,,,,,,,,0,0,0,0,0,no,0,no,1,no,0,no,0,no,0,no,0,1,0,0,0
63,2019-07-23 09:37:26,2019-07-23 09:51:00,0,,21,56,0,2019-07-30 06:33:24,R_qDVS9K1hQqqnc09,,,,,,,anonymous,EN,12.721,,83.862,,Chrome,75.0.3770.142,,1280x720,,,,,1,,,216,friend_big,no,yes,,,1,16,1,0,1,1,2019-08-12 16:14:14.030076,,Lecture,1,False,False,True,False,False,eclipse,False,,,Lecture,2019-07-23 15:47:51.297182,,4.0,True,510.0,1.0,because the end goal is to sort the list and this is the first step towards completing that.,,,,,,,,,,,,,0,0,1,0,1,no,1,no,1,no,0,no,0,no,0,no,0,1,0,0,0
69,2019-07-23 09:03:59,2019-07-21 17:49:32,0,,21,46,0,2019-07-23 05:04:08,R_6KesLoZGg5qUgAF,,,,,,,anonymous,EN,,,49.288,2,Chrome,,,,,,,,1,,,216,no_friend_small,yes,no,,,1,64,0,1,1,1,2019-08-12 09:47:18.749593,,Lecture,1,False,False,True,False,False,eclipse,False,,,Lecture,2019-07-22 23:49:16.423925,,2.0,True,510.0,0.5,,,,,,,,,,,,,,71,0,0,0,0,no,1,no,0,no,0,no,0,no,0,no,0,1,0,0,0
72,2019-07-22 16:17:45,2019-07-22 16:31:30,0,,100,37,0,2019-07-22 17:38:49,R_W7ow4Pvi2NtscRb,,,,,,,anonymous,EN,,,,,Safari,,,,,,,,4,,,216,friend_small,no,yes,,,1,134,1,0,1,1,2019-08-15 00:35:17.885973,,Lecture,1,False,False,True,False,False,eclipse,False,,,Lecture,2019-07-23 01:27:15.902151,,4.0,True,510.0,1.0,,,,,,,,,,,,,,61,1,1,0,0,no,1,no,0,no,0,no,0,no,0,no,0,1,0,0,0
78,2019-08-15 19:35:42,2019-07-23 05:04:08,0,,21,49,1,2019-07-22 23:09:43,R_3nN5vXI6FTWIqKU,,,,,,,anonymous,EN,1.635,,,3,Chrome,,,,,,,,1,,,216,no_friend_big,yes,yes,,,1,183,1,0,1,1,2019-08-11 06:30:22.889413,,Lecture,1,False,False,True,False,False,eclipse,False,,,Lecture,2019-07-23 01:28:43.179322,,4.0,False,,1.0,because it's the correct answer,,,,,,,,,,,,,0,0,0,0,1,no,1,no,0,no,0,no,0,no,0,no,0,1,0,0,0
80,2019-07-23 08:39:52,2019-07-21 15:45:54,0,,100,68,0,2019-07-20 13:42:18,R_Us7KLzqoolchTgd,,,,,,,anonymous,EN,2.37,8.936,,,Edge,17.17134,,,,,,,1,,,216,no_friend_big,yes,yes,,,1,23,0,0,1,1,2019-08-11 04:03:49.902681,,Lecture,1,False,False,True,False,False,monokai,False,,,Lecture,2019-07-21 12:23:51.344271,,2.0,False,510.0,1.0,,,,,,,,,,,,,,0,0,0,0,1,no,0,no,1,no,0,no,0,no,0,no,0,1,0,0,0
81,2019-07-22 22:04:39,2019-07-21 19:28:03,0,,100,1,0,2019-07-29 22:01:40,R_0637yXUOUO2QZln,,,,,,,anonymous,EN,,,,2,,75.0.3770.142,,,,"When comparing to the next value, the item has to be greater than all the other values to get shifted to the last index.",,,1,,,216,no_friend_big,yes,no,,,1,368,1,0,1,1,2019-08-07 20:45:36.886404,,Lecture,1,False,False,True,False,False,eclipse,False,,,Lecture,2019-07-22 22:20:52.036144,,4.0,True,510.0,1.0,,,,,,,,,,,,,,0,0,0,0,0,no,0,no,1,no,0,no,0,no,0,no,0,1,0,0,0
82,2019-07-21 13:45:00,2019-07-21 12:15:26,0,,100,14,0,2019-07-23 04:32:29,R_1KmcjU12Undhztf,,,,,,,anonymous,EN,,,,,Chrome,,Windows NT 10.0,,,,,,1,,,216,no_friend_small,yes,yes,,,1,99,1,0,1,1,2019-08-12 03:53:22.319923,,Lecture,1,False,False,True,False,False,eclipse,False,,,Lecture,2019-07-23 00:48:56.553198,,2.0,True,510.0,0.5,,,,,,,,,,,,,,261,0,0,0,1,no,0,no,1,no,0,no,0,no,0,no,0,1,0,0,0
83,2019-07-19 08:19:04,2019-07-21 08:15:25,0,,21,149740,1,2019-07-29 09:27:29,R_3n629xh3VSMOdNI,,,,,,,anonymous,EN,2.282,,,,,74.0.3729.169,,,,,,I reviewed the algorithm and watched which items got moved to the right,4,,,216,no_friend_small,no,no,,,1,2,1,0,1,1,2019-08-06 15:28:33.485444,,Lecture,1,False,False,True,False,False,eclipse,False,,,Lecture,2019-07-22 03:11:08.100118,,4.0,False,510.0,0.5,,,,,,,,,,,,,,0,0,1,0,1,no,1,no,1,no,0,no,0,no,0,no,0,1,0,0,0
84,2019-07-22 21:40:36,2019-07-22 22:39:20,0,,21,1,0,2019-07-21 16:36:51,R_3esoYGB2ODfSncn,,,,,,,anonymous,EN,,17.869,,,,10.1,,1920x1080,,,,,1,,,216,friend_small,no,no,,Unknown,1,202,1,1,1,1,2019-08-11 15:18:09.859289,,Lecture,1,False,False,True,False,False,eclipse,False,,,Lecture,2019-07-20 15:28:24.013975,,4.0,True,510.0,0.5,"bubble sort compares each two adjacent values in a list for the length of the list, and moves the larger item to the right each comparison. each value is compared twice, excluding the first and last",,,,,,,,,,,,,0,1,0,0,0,no,0,no,0,no,0,no,0,no,0,no,0,1,0,0,0
85,2019-07-22 20:09:12,2019-07-21 10:44:32,0,,21,1,0,2019-07-22 12:51:52,R_pFqpQJmG9JqU6Ix,,,,,,,anonymous,EN,,,,,,,,1536x864,,,,"The bubble sort algorithm iterates over a list and compares index [i] to the next 
[i + 1]. The larger element is moved to the end of the 

Iteration 1:
[|i|i+1|....|x|]

Largest element gets pushed to the end 
[|i|.......|i + 1|] 
",4,,,216,no_friend_big,no,no,,,1,1211,0,0,1,1,2019-08-14 23:18:41.214887,,Lecture,1,False,False,True,False,False,eclipse,False,,,Lecture,2019-07-23 14:40:34.382056,,4.0,True,510.0,0.5,,,,,,,,,,,,,,0,1,0,0,0,no,0,no,0,no,0,no,0,no,0,no,0,1,0,0,0
86,2019-07-23 08:51:20,2019-07-22 23:39:07,0,,100,65,0,2019-07-29 16:18:30,R_SGLKJL9lGICedfr,,,,,,,anonymous,ZH-S,,,,,,,,1920x1080,,,,,1,,,216,no_friend_small,no,yes,,,1,59,1,1,1,1,2019-08-13 21:04:01.030285,,Lecture,1,False,False,True,False,False,eclipse,False,,,Lecture,2019-07-22 17:53:33.582463,,4.0,False,510.0,0.5,,,,,,,,,,,,,,0,0,0,0,0,no,1,no,0,no,0,no,0,no,0,no,0,1,0,0,0
87,2019-07-23 09:27:15,2019-07-20 18:21:11,0,,100,25,1,2019-07-21 15:46:56,R_2YJrHZZM0oIxVCN,,,,,,,anonymous,EN,,43.336,,,,,Windows NT 10.0,,,,,,1,,,216,friend_big,no,no,,,1,59,1,0,1,1,2019-07-29 13:37:12.242999,,Lecture,1,False,False,True,False,False,eclipse,False,,,Lecture,2019-07-23 01:00:50.292829,,4.0,False,510.0,0.5,,,,,,,,,,,,,,0,0,0,0,0,no,1,no,1,no,0,no,0,no,0,no,0,1,0,0,0
88,2019-07-22 19:27:03,2019-07-22 20:14:56,0,,100,1,1,2019-07-29 21:46:24,R_3Gk8mYJzqFZiGC5,,,,,,,anonymous,ZH-S,11.716,37.5,31.373,,Edge,,,1280x720,,,,,1,,,216,no_friend_small,no,yes,,,1,1,1,0,1,1,2019-08-12 01:40:50.781738,,Lecture,1,False,False,True,False,False,eclipse,False,,,Lecture,2019-07-23 00:10:40.278469,,4.0,True,510.0,1.0,Because the function sorts the list to facilitate the order,,,,,,,,,,,,,0,0,0,0,1,no,1,no,1,no,0,no,0,no,0,no,0,1,0,0,0
89,2019-07-23 06:35:40,2019-07-22 17:49:22,0,,21,163,0,2019-07-29 22:02:24,R_22DhMeEYUYN5Hi5,,,,,,,anonymous,ZH-S,1.513,,120.485,,Safari,,,1440x900,,,,,1,,,216,no_friend_small,no,no,,,1,33,1,0,1,1,2019-08-12 04:03:58.243595,,Lecture,1,False,False,True,False,False,eclipse,False,,,Lecture,2019-07-23 04:12:33.903104,,2.0,True,510.0,1.0,,,,,,,,,,,,,,46,1,0,0,0,no,0,no,1,no,0,no,0,no,0,no,0,1,0,0,0
92,2019-07-23 05:01:04,2019-07-22 22:02:22,0,,21,31,1,2019-07-23 08:54:42,R_239UqaVHdLCe04o,,,,,,,anonymous,EN,,,,3,,,,,,,"Bubble sort's sorted pile is created at the right side of the list, and grows to the left. Thus, the largest number will be on the last index after the first iteration. ",,5,,,216,no_friend_small,yes,no,,,1,25,1,0,1,1,2019-08-07 00:04:38.953594,,Lecture,1,False,False,True,False,False,eclipse,False,,,Lecture,2019-07-22 15:28:04.665499,,4.0,True,510.0,0.5,,,,,,,,,,,,,,0,0,0,0,0,no,0,no,1,no,0,no,0,no,0,no,0,1,0,0,0
93,2019-07-23 08:26:27,2019-07-22 09:46:23,0,,21,117,0,2019-07-30 08:25:33,R_3nHKwTiJlsm19ZZ,,,,,,,anonymous,EN,13.719,,,,,,,,,,,,1,,,216,friend_small,no,no,,,1,46,1,0,1,1,2019-07-29 05:30:42.556740,,Lecture,1,False,False,True,False,False,eclipse,False,,,Lecture,2019-07-22 03:23:00.439321,,4.0,False,510.0,1.0,This sorting method moves the largest item in the list to the back of the list progressively with each iteration.,,,,,,,,,,,,,0,0,1,0,1,no,1,no,1,no,0,no,0,no,0,no,0,1,0,0,0
94,2019-07-22 21:17:01,2019-07-23 03:11:51,0,,21,33,0,2019-07-29 09:24:12,R_3r1alaUzaqm8m3f,,,,,,,anonymous,ZH-S,,,95.162,,,75.0.3770.100,,1366x768,,,,,4,,,216,friend_small,yes,no,,,1,33,1,0,1,1,2019-08-10 21:37:20.875210,,Lecture,1,False,False,True,False,False,eclipse,False,,,Lecture,2019-07-19 14:19:15.970742,,2.0,False,510.0,1.0,,,,,,,,,,,,,,0,0,1,0,0,no,0,no,1,no,0,no,0,no,0,no,0,1,0,0,0
95,2019-07-22 22:10:41,2019-07-23 08:56:32,0,,21,20,0,2019-07-29 22:10:26,R_Y3prqRyCUHShdE5,,,,,,,anonymous,EN,,51.142,,,,75.0.3770.142,,,bubble search is to push the largest number to the far right side ,,,,1,,,216,no_friend_big,no,no,,Unknown,1,1,1,0,1,1,2019-08-08 17:21:56.634522,,Lecture,1,False,False,True,False,False,eclipse,False,,,Lecture,2019-07-23 13:33:52.695945,,2.0,False,510.0,1.0,,,,,,,,,,,,,,0,0,0,0,0,no,1,no,1,no,0,no,0,no,0,no,0,1,0,0,0
96,2019-07-22 09:26:23,2019-07-23 07:59:21,0,,21,49,0,2019-07-29 09:50:37,R_3h57bBXJwlO24X1,,,,,,,anonymous,EN,,45.046,,,,12.1.1,,,,,i knew what function bubble print returned ,,1,,,216,no_friend_small,no,no,,,1,52,1,1,1,1,2019-08-10 04:54:36.642203,,Lecture,1,False,False,True,False,False,eclipse,False,,,Lecture,2019-07-22 15:46:08.464192,,4.0,True,510.0,1.0,,,,,,,,,,,,,,0,0,1,0,0,no,0,no,0,no,0,no,0,no,0,no,0,1,0,0,0
97,2019-07-21 21:22:15,2019-07-22 11:12:45,0,,21,40,0,2019-07-29 22:35:07,R_Y4cj6S2PlIUgiZj,,,,,,,anonymous,ZH-S,,,166.279,,,,,1440x900,,,,,1,,,216,friend_small,no,yes,,,1,1,1,0,1,1,2019-08-13 16:41:49.018067,,Lecture,1,False,False,True,False,False,eclipse,False,,,Lecture,2019-07-22 15:23:05.121236,,4.0,True,510.0,1.0,,,,,,,,,,,,,,0,0,1,0,0,no,0,no,1,no,0,no,0,no,0,no,0,1,0,0,0
98,2019-07-23 06:48:22,2019-07-23 06:36:35,0,,100,11,0,2019-07-30 20:07:18,R_T0B813KrOMeptAt,,,,,,,anonymous,EN,,,63.657,,,,Windows NT 10.0,,,,,,1,,,216,no_friend_small,no,no,,,1,39,1,0,1,1,2019-08-12 15:14:46.002185,,Lecture,1,False,False,True,False,False,shaped ,False,,,Lecture,2019-07-22 14:10:11.899931,,4.0,False,510.0,1.0,,,,,,,,,,,,,,142,0,1,0,1,no,1,no,0,no,0,no,0,no,0,no,0,1,0,0,0
100,2019-07-23 08:34:09,2019-07-22 21:17:33,0,,21,2159,1,2019-07-29 18:49:21,R_2uDL8isuAvUJ6oH,,,,,,,anonymous,EN,,,8.686,1,Safari,,,,,,,,7,,,216,friend_small,yes,no,,,1,22,1,0,1,1,2019-08-14 00:46:48.268468,,Lecture,1,False,False,True,False,False,eclipse,False,,,Lecture,2019-07-22 03:22:54.449042,,4.0,True,510.0,1.0,,,,,,,,,,,,,,42,1,0,0,0,no,1,no,1,no,0,no,0,no,0,no,0,1,0,0,0
101,2019-07-21 10:43:39,2019-07-21 15:46:56,0,,21,38,0,2019-07-29 21:18:08,R_2zZ1ErBVxvCk9wG,,,,,,,anonymous,EN,3.163,48.476,,,,,Windows NT 10.0,,,,,,1,,,216,no_friend_small,yes,no,,,1,16,1,0,1,1,2019-08-12 20:02:35.964385,,Lecture,1,False,False,True,False,False,eclipse,False,,,Lecture,2019-07-21 21:42:19.459056,,4.0,True,510.0,0.0,,,,,,,,,,,,,,0,0,0,0,1,no,0,no,0,no,0,no,0,no,0,no,0,1,0,0,0
102,2019-07-22 19:56:09,2019-07-20 00:00:50,0,,21,17,0,2019-07-29 18:53:46,R_3egGjPQhzRRFhiJ,,,,,,,anonymous,EN,1.573,,,,,,Macintosh,,,,,,1,,,216,no_friend_big,no,no,,,1,51,1,0,1,1,2019-08-04 20:09:43.576878,,Lecture,1,False,False,True,False,False,eclipse,False,,,Lecture,2019-07-23 14:26:43.550074,,4.0,False,510.0,1.0,"be honest, by guessing. the word ""Sort"" gives me a hint that largest items are most likely on the far right",,,,,,,,,,,,,101,0,0,0,1,no,0,no,1,no,0,no,0,no,0,no,0,1,0,0,0
103,2019-07-23 09:06:50,2019-07-22 18:07:34,0,,100,2,1,2019-07-22 20:57:51,R_1PY4dt5MJTAs2ja,,,,,,,anonymous,EN,,,45.54,,,11.1,,,,,,,1,,,216,friend_big,no,yes,,,1,22,1,1,1,1,2019-08-08 17:09:23.585831,,Lecture,1,False,False,True,False,False,eclipse,False,,,Lecture,2019-07-23 13:46:48.933418,,2.0,True,510.0,0.75,,,,,,,,,,,,,,0,0,0,0,0,no,0,no,1,no,0,no,0,no,0,no,0,1,0,0,0
104,2019-07-21 19:27:26,2019-07-23 07:34:29,0,,21,75,0,2019-07-29 20:42:26,R_yJtfQ4WCfueTBUl,,,,,,,anonymous,EN,,,,,Chrome,,,1920x1080,,,,,1,,,216,no_friend_small,yes,yes,,,1,21,1,0,1,1,2019-08-15 01:38:17.279170,,Lecture,1,False,False,True,False,False,eclipse,False,,,Lecture,2019-07-22 18:06:53.949127,,4.0,False,510.0,0.5,,,,,,,,,,,,,,59,1,1,0,0,no,0,no,1,no,0,no,0,no,0,no,0,1,0,0,0
105,2019-07-23 08:05:49,2019-07-20 16:46:51,0,,100,73,1,2019-07-29 22:39:25,R_eybrIMFfcJow2ch,,,,,,,anonymous,EN,,,,,Chrome,75.0.3770.142,Windows NT 10.0,,,,,,1,,,216,no_friend_big,no,no,,,1,59,1,0,1,1,2019-08-12 02:42:25.581256,,Lecture,1,False,False,True,False,False,eclipse,False,,,Lecture,2019-07-21 23:50:17.010358,,4.0,True,510.0,0.5,,,,,,,,,,,,,,0,0,0,0,1,no,0,no,1,no,0,no,0,no,0,no,0,1,0,0,0
106,2019-07-22 12:50:49,2019-07-22 20:39:35,0,,21,62,0,2019-07-29 16:00:06,R_1IFA6VRXD3VRWiu,,,,,,,anonymous,ZH-S,15.072,,96.186,3,,,,1440x900,,,,,1,,,216,friend_small,no,yes,,,1,66,1,1,1,1,2019-08-10 17:43:00.510204,,Lecture,1,False,False,True,False,False,eclipse,False,,,Lecture,,,2.0,False,510.0,1.0,,,,,,,,,,,,,,0,0,1,0,1,no,1,no,1,no,0,no,0,no,0,no,0,1,0,0,0
107,2019-07-22 20:11:20,2019-07-22 16:21:33,0,,100,14,0,2019-07-30 09:48:30,R_3Ez2pXiX2Z891RQ,,,,,,,anonymous,EN,11.438,,,,,,,1366x768,,,,,6,,,216,no_friend_small,yes,no,,,1,44,1,0,1,1,2019-08-12 15:21:41.173030,,Lecture,1,False,False,True,False,False,eclipse,False,,,Lecture,2019-07-29 02:06:37.307337,,4.0,False,510.0,0.5,,,,,,,,,,,,,,0,0,1,0,1,no,0,no,1,no,0,no,0,no,0,no,0,1,0,0,0
108,2019-07-21 15:41:44,2019-07-23 00:31:10,0,,21,1,1,2019-07-30 00:17:48,R_1dbL1ErCCxKWyt3,,,,,,,anonymous,EN,,,82.183,,,,,1536x864,,,,,1,,,216,no_friend_big,no,no,,,1,31,1,0,1,1,2019-08-15 03:33:16.042309,,Lecture,1,False,False,True,False,False,eclipse,False,,,Lecture,2019-07-23 14:56:20.085671,,2.0,True,510.0,0.5,i knew what function bubble print returned ,,,,,,,,,,,,,38,0,1,0,0,no,0,no,0,no,0,no,0,no,0,no,0,1,0,0,0
109,2019-07-22 10:19:40,2019-07-22 19:27:28,0,,21,370698,0,2019-07-22 11:53:25,R_soCLh5FPvvI0iFb,,,,,,,anonymous,ZH-S,,49.308,,,Safari,12.1.1,,1440x900,,,,,4,,,216,friend_big,no,yes,,,1,307,1,1,1,1,2019-08-06 14:04:52.145871,,Lecture,1,False,False,False,False,False,eclipse,False,,,Lecture,2019-07-23 08:23:08.675370,,2.0,True,510.0,1.0,,,,,,,,,,,,,,35,0,1,0,0,no,0,no,1,no,0,no,0,no,0,no,0,1,0,0,0
110,2019-07-20 16:46:29,2019-07-21 20:47:29,0,,21,37,0,2019-07-30 06:53:11,R_2TYmxNuJ6QbNUfx,,,,,,,anonymous,EN,,,,,,75.0.3770.142,,,"In bubble sort the values in the list are compared to each other starting from the left, as the numbers are compared the largest number would be pushed the furtherest",,,,1,,,216,friend_big,no,yes,,,1,49,0,1,0,1,2019-08-14 19:32:22.819370,,Lecture,1,False,False,True,False,False,eclipse,False,,,Lecture,2019-07-22 15:26:32.947833,,4.0,False,510.0,0.5,"that is how bubble sort sort, like a bubble...",,,,,,,,,,,,,0,0,0,0,1,no,1,no,0,no,0,no,0,no,0,no,0,1,0,0,0
111,2019-07-23 00:30:33,2019-07-23 02:22:51,0,,21,26,0,2019-07-29 18:30:44,R_1Q9kIXn50UjzHq6,,,,,,,anonymous,DE,,,,,,,Windows NT 10.0,,,,,,6,,,216,friend_big,no,no,,,1,3164,1,0,0,1,2019-08-12 04:26:48.753248,,Lecture,1,False,False,True,False,False,eclipse,False,,,Lecture,2019-07-23 01:57:04.963452,,4.0,True,510.0,1.0,Because if we look to compare two numbers we want to move the higher on the right.,,,,,,,,,,,,,0,1,0,0,1,no,0,no,0,no,0,no,0,no,0,no,0,1,0,0,0
112,2019-08-15 09:25:45,2019-07-23 08:29:17,0,,21,59,1,2019-07-29 08:10:44,R_3fGzXQRM2GvFFAN,,,,,,,anonymous,EN,,,,,,,,1536x864,,,,,5,,,216,no_friend_big,yes,yes,,,1,43,1,1,1,1,2019-08-12 01:09:55.950192,,Lecture,1,False,False,True,False,False,eclipse,False,,,Lecture,2019-07-23 11:01:19.311392,,2.0,False,510.0,0.5,honestly i have a huge exam tomorrow and just havent watched the videos at all yet so i just guessed,,,,,,,,,,,,,0,0,0,0,0,no,1,no,0,no,0,no,0,no,0,no,0,1,0,0,0
113,2019-07-22 07:48:30,2019-07-22 08:10:22,0,,21,36,0,2019-07-29 22:12:04,R_xfl3v1TQjJjXFGp,,,,,,,anonymous,EN,,,,,Chrome,,,,,,,,1,,,216,no_friend_small,yes,yes,,,1,191,1,0,1,1,2019-08-12 13:36:45.543092,,Lecture,1,False,False,True,False,False,eclipse,False,,,,2019-07-23 03:40:41.383388,,4.0,False,510.0,1.0,,,,,,,,,,,,,,0,0,0,0,0,no,1,no,1,no,0,no,0,no,0,no,0,1,0,0,0
114,2019-07-22 17:35:15,2019-07-23 06:53:11,0,,100,65,0,2019-07-28 22:55:07,R_2DZEwIDPBcMIZir,,,,,,,anonymous,ZH-S,,52.975,20.799,,,,Windows NT 10.0,1280x720,,,,,1,,,216,no_friend_small,yes,yes,,,1,1,1,0,1,1,2019-08-12 04:32:09.370657,,Lecture,1,False,False,True,False,False,eclipse,False,,,Lecture,2019-07-23 05:43:10.766650,,2.0,True,510.0,1.0,,,,,,,,,,,,,,0,0,1,0,1,no,1,no,0,no,0,no,0,no,0,no,0,1,0,0,0
115,2019-07-21 21:36:50,2019-08-15 09:28:20,0,,21,16,1,2019-07-30 08:27:12,R_2QSVUJW2mdF4Ers,,,,,,,anonymous,EN,,,74.004,,,,,,,,,"Because it is what I observed in the Bubble sort video and based on the algorithm. I used the fact that a single pass terminates when the comparisons reach the far right of the list, where the item being compared may or may not reach the end if it is or isn't the biggest. But, because it pushes anything smaller behind it, and something bigger replaces it in the comparisons if needed, the last item is always going to be the biggest.",6,,,216,friend_small,yes,no,,,1,147,1,0,1,1,2019-08-13 18:46:06.368901,,Lecture,1,False,False,True,False,False,eclipse,False,,,Lecture,2019-07-23 05:41:44.149180,,2.0,True,510.0,1.0,,,,,,,,,,,,,,232,1,0,0,0,no,1,no,0,no,0,no,0,no,0,no,0,1,0,0,0
116,2019-07-22 20:32:57,2019-07-23 03:41:42,0,,100,96,0,2019-07-29 06:48:30,R_3Rjwv6W7TQW2xgj,,,,,,,anonymous,ZH-S,,,,2,,,,1440x900,,,,The answer was most in line from what I learned in the videos,4,,,216,no_friend_small,no,no,,,1,129,1,1,1,1,2019-08-12 13:13:32.662283,,Lecture,1,False,False,True,False,False,eclipse,False,,,Lecture,2019-07-20 21:37:49.256366,,2.0,False,510.0,1.0,"Well, because that's what a bubble sort does; for each two items in a list, it compares which is largest and ensures the largest is to the right of the two, going through the whole list the largest item in the list should be at the far right",,,,,,,,,,,,,0,0,0,0,0,no,0,no,1,no,0,no,0,no,0,no,0,1,0,0,0
118,2019-07-21 17:25:46,2019-08-19 17:21:14,0,,21,58,0,2019-07-30 09:08:23,R_2ZQQCbcIkgi2e1g,,,,,,,anonymous,EN,,,,14,,,Macintosh,1366x768,,,,,4,its hard to scroll down on this prompt its annoying,,216,friend_small,no,no,,,1,49,1,0,1,1,2019-08-12 05:34:28.219089,,Lecture,1,False,False,True,False,False,eclipse,False,,,Lecture,2019-07-23 15:41:11.543887,,2.0,True,510.0,1.0,,,,,,,,,,,,,,0,0,0,0,0,no,1,no,0,no,0,no,0,no,0,no,0,1,0,0,0
119,2019-07-23 09:40:11,2019-07-23 07:06:24,0,,100,51,1,2019-07-30 09:27:25,R_26huQH7dDrpxPC4,,,,,,,anonymous,ZH-S,,1.325,,,Chrome,,,,,,The pcrs video has a similar example,,1,,,216,no_friend_big,no,yes,,,1,37,1,0,1,1,2019-08-09 23:15:55.578735,,Lecture,1,False,False,True,False,False,eclipse,False,,,Lecture,2019-07-22 22:05:41.852491,,4.0,True,510.0,1.0,,,,,,,,,,,,,,0,0,0,0,0,no,0,no,0,no,0,no,0,no,0,no,0,1,0,0,0
120,2019-07-20 16:46:28,2019-07-22 09:27:26,0,,100,70,0,2019-07-22 19:42:52,R_Z1TTla8BtQh9yMN,,,,,,,anonymous,EN,,37.75,,,,,,1920x1080,,,,,4,,,216,friend_small,no,no,,,1,114,0,0,1,1,2019-08-12 03:47:31.241871,,Lecture,1,False,False,True,False,False,monokai,False,,,Lecture,2019-07-23 15:34:42.452726,,4.0,False,510.0,1.0,,,,,,,,,,,,,,21,0,0,0,0,no,1,no,0,no,0,no,0,no,0,no,0,1,0,0,0
121,2019-07-22 10:57:42,2019-07-22 18:49:14,0,,100,2,1,2019-07-30 03:42:00,R_3hybW3aSSunGtSl,,,,,,,anonymous,EN,,,,,,,,1680x1050,,"bubble sort compares one character at a specific index to the character to the right of it, if the character to the right is smaller (and thus the character at the specific index is larger), the indices will switch sorting the characters from smaller -> larger ",,,1,,,216,friend_small,yes,yes,,,1,1,1,0,1,1,2019-08-12 15:29:02.789507,,Lecture,1,False,False,True,False,False,eclipse,False,,,Lecture,2019-07-23 04:11:46.547319,,4.0,True,510.0,1.0,,,,,,,,,,,,,,107,0,1,0,0,no,0,no,1,no,0,no,0,no,0,no,0,1,0,0,0
122,2019-07-21 11:49:05,2019-07-22 16:18:32,0,,100,191,1,2019-07-22 21:29:19,R_1itCYCqHuVfiFhE,,,,,,,anonymous,EN,,,,,Chrome,,,1920x1080,,,because the end goal is to sort the list and this is the first step towards completing that.,,6,,,216,no_friend_small,no,no,,,1,86,1,0,1,1,2019-08-13 23:17:17.594219,,Lecture,1,False,False,True,False,False,eclipse,False,,,Lecture,2019-07-23 14:34:39.950156,,2.0,True,510.0,1.0,,,,,,,,,,,,,,0,0,1,0,1,no,1,no,1,no,0,no,0,no,0,no,0,1,0,0,0
123,2019-07-22 22:08:21,2019-07-22 10:32:44,0,,21,66,1,2019-07-30 08:29:19,R_PzfT0VoSXrUIKBP,,,,,,,anonymous,ZH-S,0.98,,,,,,,1440x900,,,,,1,,,216,friend_big,yes,yes,,,1,1,1,0,1,1,2019-08-12 06:44:21.711308,,Lecture,1,False,False,True,False,False,eclipse,False,,,Lecture,2019-07-23 12:36:25.914892,,2.0,False,510.0,1.0,,,,,,,,,,,,,,0,0,1,0,0,no,1,no,1,no,0,no,0,no,0,no,0,1,0,0,0
124,2019-07-22 23:41:35,2019-07-23 09:04:16,0,,21,6,0,2019-07-20 09:28:12,R_yJc20JS6LBgDnFL,,,,,,,anonymous,EN,,,145.995,,,,,,,,,,1,,,216,friend_big,yes,no,,,1,37,1,0,1,1,2019-08-12 06:06:22.921943,,Lecture,1,False,False,False,False,False,eclipse,False,,,Lecture,2019-07-23 15:32:09.868087,,4.0,True,510.0,1.0,,,,,,,,,,,,,,0,0,0,0,1,no,0,no,0,no,0,no,0,no,0,no,0,1,0,0,0
126,2019-07-21 18:31:46,2019-07-20 16:47:33,0,,100,31,1,2019-08-19 01:19:05,R_eExbRSquCszwOe5,,,,,,,anonymous,EN,,,6.952,,Chrome,,,1536x864,,,,,1,,,216,no_friend_big,no,no,,,1,236,1,0,1,1,2019-08-14 17:57:19.437197,,Lecture,1,False,False,True,False,False,eclipse,False,,,Lecture,2019-07-22 23:35:25.168619,,2.0,False,510.0,0.5,,,,,,,,,,,,,,0,1,1,0,1,no,0,no,0,no,0,no,0,no,0,no,0,1,0,0,0
127,2019-07-21 17:45:31,2019-07-22 12:07:45,0,,21,69,0,2019-07-26 23:56:15,R_3M4HuDJFzJaPTjl,,,,,,,anonymous,EN,,250.162,13.888,,,,,,,,,,1,This is kind of boring.,,216,no_friend_big,no,no,,,1,65,1,0,1,1,2019-08-13 00:25:31.265749,,Lecture,1,False,False,True,False,False,eclipse,False,,,Lecture,2019-07-22 04:30:37.201178,,4.0,False,510.0,1.0,,,,,,,,,,,,,,0,0,0,0,0,no,1,no,0,no,0,no,0,no,0,no,0,1,0,0,0
128,2019-07-23 09:53:06,2019-07-22 11:21:13,0,,21,51,1,2019-07-23 11:09:20,R_3hgLOCB2zR4shdE,,,,,,,anonymous,EN,,,,,Chrome,,,,,,,,1,,,216,no_friend_big,no,no,,,1,70,1,0,1,1,2019-08-14 04:47:51.119283,,Lecture,1,False,False,True,False,False,eclipse,False,,,Lecture,2019-07-22 22:18:20.840120,,4.0,False,510.0,0.5,"Because it is what I observed in the Bubble sort video and based on the algorithm. I used the fact that a single pass terminates when the comparisons reach the far right of the list, where the item being compared may or may not reach the end if it is or isn't the biggest. But, because it pushes anything smaller behind it, and something bigger replaces it in the comparisons if needed, the last item is always going to be the biggest.",,,,,,,,,,,,,0,0,0,0,0,no,0,no,0,no,0,no,0,no,0,no,0,1,0,0,0
129,2019-07-23 03:41:28,2019-07-23 08:34:46,0,,21,155,0,2019-07-20 11:20:37,R_1gFxzWzVQS73Wc9,,,,,,,anonymous,ZH-S,,,,,Safari,75.0.3770.142,,,,looked at the definition,I guessed,,1,,,216,no_friend_big,no,no,,,1,58,1,0,1,1,2019-08-10 02:52:40.129004,,Lecture,1,False,False,True,False,False,eclipse,False,,,Lecture,2019-07-23 02:39:09.561763,,4.0,True,510.0,1.0,,,,,,,,,,,,,,0,0,0,0,1,no,1,no,0,no,0,no,0,no,0,no,0,1,0,0,0
130,2019-07-23 04:28:49,2019-07-22 15:59:54,0,,21,106,1,2019-07-22 07:49:08,R_ylkeyRT8NbkQRRT,,,,,,,anonymous,KO,49.906,,,,,12.1.1,,,,,,,1,,,216,friend_big,no,yes,,,1,59,1,0,1,1,2019-08-11 19:14:57.306480,,Lecture,1,False,False,True,False,False,eclipse,False,,,Lecture,2019-07-20 22:05:56.248299,,4.0,False,510.0,0.5,,,,,,,,,,,,,,0,0,0,0,1,no,0,no,0,no,0,no,0,no,0,no,0,1,0,0,0
131,2019-07-23 06:58:30,2019-08-15 19:36:41,0,,21,1,0,2019-07-29 15:21:12,R_b3CgsitAQGzkHGV,,,,,,,anonymous,EN,,,,,,,,,,,,,1,,,216,friend_small,no,no,,,1,31,1,1,1,1,2019-08-12 11:27:23.830585,,Lecture,1,False,False,True,False,False,eclipse,False,,,Lecture,2019-07-23 15:32:58.344628,,4.0,True,510.0,0.5,,,,,,,,,,,,,,75,0,0,0,1,no,0,no,1,no,0,no,0,no,0,no,0,1,0,0,0
132,2019-07-23 03:11:49,2019-07-25 09:26:47,0,,100,97,0,2019-07-29 20:33:51,R_3vLAvUPeKCWyMOR,,,,,,,anonymous,EN,1.666,142.167,129.855,,,,,,,,,,4,,,216,friend_small,yes,yes,,,1,25,1,0,1,1,2019-08-13 12:44:02.935738,,Lecture,1,False,False,True,False,False,eclipse,False,,,Lecture,2019-07-23 04:04:48.785750,,2.0,True,510.0,0.5,,,,,,,,,,,,,,0,0,0,0,0,no,1,no,1,no,0,no,0,no,0,no,0,1,0,0,0
133,2019-08-14 13:44:08,2019-07-19 14:39:22,0,,21,3164,0,2019-07-21 01:49:20,R_3DhbVzqlgEWHaZy,,,,,,,anonymous,EN,,,,,Chrome,,,,,"when comparing i and i + 1, you move the larger item to the far right",,,1,,,216,no_friend_small,yes,no,,,1,131,1,1,1,1,2019-08-07 18:37:33.097145,,Lecture,1,False,False,True,False,False,eclipse,False,,,Lecture,2019-08-15 02:15:26.690757,,4.0,True,510.0,1.0,,,,,,,,,,,,,,0,0,0,0,0,no,0,no,1,no,0,no,0,no,0,no,0,1,0,0,0
136,2019-07-21 15:46:26,2019-07-22 20:42:26,0,,21,45,0,2019-07-22 16:31:30,R_3nAZVqSA4HiGVIm,,,,,,,anonymous,EN,,,,,,75.0.3770.142,Macintosh,1536x864,,,,,4,,,216,no_friend_small,no,no,,,1,86,1,0,1,1,2019-08-11 21:27:20.766304,,Lecture,1,False,False,True,False,False,eclipse,False,,,Lecture,2019-07-21 21:47:09.985167,,2.0,True,510.0,0.5,"Bubble sort's sorted pile is created at the right side of the list, and grows to the left. Thus, the largest number will be on the last index after the first iteration. ",,,,,,,,,,,,,0,0,0,0,1,no,1,no,0,no,0,no,0,no,0,no,0,1,0,0,0
139,2019-07-19 15:37:53,2019-07-22 20:33:28,0,,21,36,0,2019-07-29 09:27:40,R_3Lj9fz4EVcCodVY,,,,,,,anonymous,EN,,,,,Chrome,,Windows NT 10.0,,because it's the correct answer,,,,1,,,216,friend_small,no,yes,,,1,163,1,0,1,1,2019-08-14 18:30:12.393869,,Lecture,1,False,False,True,False,False,eclipse,False,,,Lecture,2019-07-20 23:33:11.460209,,2.0,False,510.0,1.0,I think the item that was originally at index 0 will move to the far right.,,,,,,,,,,,,,0,1,0,0,0,no,1,no,0,no,0,no,0,no,0,no,0,1,0,0,0
141,2019-07-23 09:34:22,2019-07-22 19:28:00,0,,100,4,0,2019-07-30 09:32:36,R_3suM7lMH2IhW51x,,,,,,,anonymous,EN,21.19,,,,,,Windows NT 10.0,,,,,,1,,,216,no_friend_small,yes,no,,,1,73,1,1,1,1,2019-08-06 03:13:05.056102,,Lecture,1,False,False,True,False,False,eclipse,False,,,Lecture,2019-07-20 19:42:22.908507,,4.0,True,510.0,1.0,,,,,,,,,,,,,,198,0,1,0,0,no,0,no,0,no,0,no,0,no,0,no,0,1,0,0,0
143,2019-07-23 00:16:42,2019-07-22 22:09:42,0,,21,32,1,2019-07-29 20:39:37,R_1KxUk1iFGSlpbCj,,,,,,,anonymous,ZH-S,,,,,,75.0.3770.100,,,,,,,4,,,216,friend_small,no,yes,,,1,1,1,0,1,1,2019-08-11 17:58:17.522499,,Lecture,1,False,False,True,False,False,monokai,False,,,Lecture,2019-07-23 17:10:04.469027,,2.0,False,510.0,1.0,"when comparing i and i + 1, you move the larger item to the far right",,,,,,,,,,,,,0,1,0,0,1,no,1,no,0,no,0,no,0,no,0,no,0,1,0,0,0
144,2019-07-22 11:12:23,2019-07-22 22:11:55,0,,21,21,0,2019-07-29 09:32:22,R_2ZDES3F0c1M3pWj,,,,,,,anonymous,EN,3.183,,50.255,3,,75.0.3770.142,,,,,,,1,,,216,no_friend_small,no,yes,,,1,149740,1,1,1,1,2019-08-12 00:25:08.609911,,Lecture,1,False,False,True,False,False,eclipse,False,,,Lecture,2019-07-21 18:12:39.430176,,4.0,False,510.0,1.0,,,,,,,,,,,,,,0,0,1,0,1,no,0,no,1,no,0,no,0,no,0,no,0,1,0,0,0
145,2019-07-23 01:52:04,2019-07-22 00:52:15,0,,21,16,1,2019-07-30 03:12:46,R_20P7fPqJCUlx0yG,,,,,,,anonymous,EN,,11.405,,,,,,1366x768,,,,,1,,,216,no_friend_big,no,no,,,1,16,1,1,1,1,2019-08-06 18:59:07.931893,,Lecture,1,False,False,True,False,False,eclipse,False,,,Lecture,2019-07-22 22:33:08.499456,,4.0,True,510.0,0.5,,,,,,,,,,,,,,241,0,0,0,0,no,0,no,0,no,0,no,0,no,0,no,0,1,0,0,0
146,2019-07-22 19:54:12,2019-07-22 13:02:31,0,,21,130,0,2019-07-28 18:32:49,R_1Fn8NQWyHXSgiEQ,,,,,,,anonymous,EN,,,,2,,,,,,,,,1,,,216,friend_big,no,yes,,,1,110,1,0,1,1,2019-08-14 13:45:54.690191,,Lecture,1,False,False,True,False,False,eclipse,False,,,Lecture,2019-07-22 04:53:58.557900,,2.0,True,510.0,1.0,"think about if the first item is the largest, and it will be moved to the far right on the first pass",,,,,,,,,,,,,0,0,0,0,0,no,0,no,1,no,0,no,0,no,0,no,0,1,0,0,0
147,2019-07-20 11:19:34,2019-07-22 21:44:07,0,,21,44,1,2019-07-29 13:45:59,R_27HD7ZjHzjvQR9y,,,,,,,anonymous,EN,,,27.624,4,,75.0.3770.142,,,,,,We know (from the videos) that a full pass is when the largest element in the unsorted section of a list is moved to the end of that section. ,1,,,216,friend_big,no,no,,,1,37,1,1,1,1,2019-08-11 19:34:42.666531,,Lecture,1,False,False,True,False,False,eclipse,False,,,Lecture,2019-07-21 16:44:16.491587,,2.0,False,510.0,1.0,"because bubble sort is an algorithm that supposedly ""sorts"" items from smallest to largest. bubble sort is used once, so the last item on the list would be the largest ",,,,,,,,,,,,,69,0,0,0,1,no,0,no,0,no,0,no,0,no,0,no,0,1,0,0,0
148,2019-07-22 22:08:58,2019-07-22 15:48:57,0,,21,23,1,2019-07-22 21:08:48,R_1DVlZ3FJh6Xbh9T,,,,,,,anonymous,EN,,,46.834,,,,,,,,Bubble sort sorts through a list by finding the largest value in the list and placing it at the end. ,,1,,,216,friend_small,no,yes,,,1,40,1,0,1,1,2019-08-11 16:05:07.060660,,Lecture,1,False,False,True,False,False,eclipse,False,,,Lecture,2019-07-22 17:53:49.560719,,4.0,True,510.0,1.0,because that's how the method works,,,,,,,,,,,,,169,0,1,0,0,no,0,no,0,no,0,no,0,no,0,no,0,1,0,0,0
149,2019-07-21 01:42:43,2019-07-22 18:10:36,0,,21,368,0,2019-07-30 00:31:28,R_RsO4MY7yjkm93cl,,,,,,,anonymous,EN,8.936,,46.107,,,,,,,,,,1,,,216,no_friend_big,no,yes,,,1,32,1,1,1,1,2019-08-12 16:00:02.538978,,Lecture,1,False,False,True,False,False,eclipse,False,,,Lecture,2019-07-23 02:14:07.641269,,4.0,False,510.0,1.0,,,,,,,,,,,,,,0,0,0,0,0,no,1,no,1,no,0,no,0,no,0,no,0,1,0,0,0
150,2019-07-21 22:53:10,2019-07-21 00:33:26,0,,100,89,0,2019-07-29 22:16:42,R_1eEFFklPOizhq8E,,,,,,,anonymous,ZH-S,,26.439,,,,,,1440x900,,,,,1,,,216,friend_small,no,no,,,1,16,1,0,1,1,2019-08-14 20:16:03.873087,,Lecture,1,False,False,True,False,False,eclipse,False,,,Lecture,2019-07-23 15:50:35.276065,,4.0,True,510.0,1.0,,,,,,,,,,,,,,0,0,0,0,1,no,0,no,0,no,0,no,0,no,0,no,0,1,0,0,0
151,2019-07-22 13:45:20,2019-07-21 21:24:08,0,,21,85,1,2019-07-29 11:12:59,R_1Gy3Homk7SUwuUm,,,,,,,anonymous,EN,,,,27,Safari,,,,,,,,7,,,216,no_friend_small,no,yes,,,1,117,1,0,1,1,2019-08-13 21:34:08.507907,,Lecture,1,False,False,True,False,False,eclipse,False,,,Lecture,2019-07-23 15:30:53.495079,,4.0,False,510.0,1.0,,,,,,,,,,,,,,24,0,1,0,1,no,0,no,0,no,0,no,0,no,0,no,0,1,0,0,0
153,2019-07-22 10:32:17,2019-07-22 09:26:45,0,,21,36,0,2019-07-21 17:49:32,R_3fqxcoc1DPNgGIE,,,,,,,anonymous,EN,26.361,,142.215,,,,,,,,,,1,,,216,no_friend_small,no,yes,,,1,117,1,0,1,1,2019-08-07 14:21:24.824520,,Lecture,1,False,False,True,False,False,eclipse,False,,,,2019-07-22 21:49:13.364206,,4.0,True,510.0,1.0,,,,,,,,,,,,,,92,0,0,0,1,no,0,no,0,no,0,no,0,no,0,no,0,1,0,0,0
159,2019-07-21 21:06:18,2019-07-22 22:00:46,0,,21,67,1,2019-07-23 09:04:17,R_3LX39jLP4ANsEyu,,,,,,,anonymous,EN,,,,3,,,,,,,,,5,,,216,no_friend_big,no,yes,,,1,241,1,0,1,1,2019-08-14 20:57:39.236327,,Lecture,1,False,False,True,False,False,eclipse,False,,,Lecture,2019-07-23 04:15:59.934659,,2.0,True,510.0,1.0,,,,,,,,,,,,,,166,0,1,0,1,no,1,no,0,no,0,no,0,no,0,no,0,1,0,0,0
160,2019-07-23 09:45:04,2019-07-24 09:52:22,0,,21,1,0,2019-07-27 16:07:52,R_2BasAZB7VgV6pqo,,,,,,,anonymous,EN,,,12.065,,Chrome,75.0.3770.142,Windows NT 10.0,,,,Made assumptions that may not have been correct. ,,1,,,216,friend_big,no,yes,,,1,9,1,0,1,1,2019-08-14 23:56:17.530630,,Lecture,1,False,False,True,False,False,eclipse,False,,,Lecture,2019-07-22 22:19:02.123298,,4.0,True,510.0,0.5,,,,,,,,,,,,,,52,0,0,0,0,no,0,no,0,no,0,no,0,no,0,no,0,1,0,0,0
161,2019-07-22 18:52:25,2019-07-20 17:34:53,0,,100,14,0,2019-07-29 00:52:26,R_24Ofs5WL4x5lYgx,,,,,,,anonymous,EN,0.847,,19.227,,Chrome,75.0.3770.142,,,,,,,1,,,216,no_friend_big,no,yes,,,1,111,1,0,1,1,2019-08-15 03:19:15.204706,,Lecture,1,False,False,True,False,False,eclipse,False,,,Lecture,2019-07-23 15:45:26.862388,,2.0,True,510.0,1.0,,,,,,,,,,,,,,0,0,1,0,0,no,0,no,1,no,0,no,0,no,0,no,0,1,0,0,0
163,2019-07-22 21:07:04,2019-07-23 09:42:11,0,,100,33,0,2019-07-22 16:06:23,R_1FkrBlKOKOfZyqe,,,,,,,anonymous,EN,,,,,Chrome,,,,,,,,4,,,216,friend_small,yes,no,,,1,21,1,0,1,1,2019-08-12 17:17:23.161645,,Lecture,1,False,False,True,False,False,eclipse,False,,,Lecture,2019-07-23 12:55:44.565257,,2.0,True,510.0,1.0,,,,,,,,,,,,,,0,1,0,0,1,no,1,no,0,no,0,no,0,no,0,no,0,1,0,0,0
164,2019-07-22 00:51:44,2019-07-22 21:08:48,0,,21,233,0,2019-07-30 07:59:27,R_3nGFooPrZVR4HjR,,,,,,,anonymous,EN,,,,,,,,,,,,,1,,,216,friend_big,yes,no,,,1,85,1,1,1,1,2019-08-12 13:40:45.665662,,Lecture,1,False,False,True,False,False,eclipse,False,,,Lecture,2019-07-23 14:07:18.069278,,4.0,True,510.0,1.0,,,,,,,,,,,,,,0,0,1,0,1,no,0,no,1,no,0,no,0,no,0,no,0,1,0,0,0
165,2019-07-22 09:30:20,2019-07-22 23:09:43,0,,21,76,0,2019-07-29 14:24:49,R_2rT42Qwo5Xc7IgX,,,,,,,anonymous,ZH-S,,,231.029,,,,,,,,,,1,,,216,no_friend_small,yes,no,,,1,14,1,0,0,1,2019-08-12 12:18:45.163703,,Lecture,1,False,False,True,False,False,eclipse,False,,,Lecture,2019-07-23 12:32:28.252163,,2.0,True,510.0,1.0,,,,,,,,,,,,,,0,0,0,0,0,no,1,no,1,no,0,no,0,no,0,no,0,1,0,0,0
166,2019-07-22 21:43:30,2019-07-22 20:57:51,0,,100,21,0,2019-07-30 07:59:20,R_1OGE4JqpYi5W6t2,,,,,,,anonymous,EN,10.489,134.328,,6,,,,,,,,,1,,,216,friend_big,no,no,,Unknown,1,58,1,0,1,1,2019-08-13 21:20:24.657348,,Lecture,1,False,False,True,False,False,eclipse,False,,,Lecture,2019-07-22 20:24:28.833197,,2.0,False,510.0,0.5,,,,,,,,,,,,,,0,0,1,0,0,no,0,no,0,no,0,no,0,no,0,no,0,1,0,0,0
167,2019-07-22 22:33:25,2019-07-23 09:41:27,0,,21,103,0,2019-07-29 23:39:24,R_1kH5q5hXg2uvOK6,,,,,,,anonymous,ZH-S,5.073,94.301,,1,,75.0.3770.142,Windows NT 10.0,1440x900,,,,,1,,,216,no_friend_big,no,yes,,,1,91,1,0,1,1,2019-08-11 19:46:01.742184,,Lecture,1,False,False,True,False,False,eclipse,False,,,Lecture,2019-07-23 06:17:38.331671,,2.0,True,510.0,0.5,,,,,,,,,,,,,,43,0,1,0,1,no,1,no,1,no,0,no,0,no,0,no,0,1,0,0,0
168,2019-07-20 15:36:54,2019-07-22 19:56:11,0,,21,79,0,2019-07-29 17:49:22,R_21yB3xolKILySsG,,,,,,,anonymous,EN,,10.378,,,,,,1440x900,,,,,1,,,216,no_friend_small,yes,yes,,,1,51,1,0,1,1,2019-08-13 23:44:41.265468,,Lecture,1,False,False,True,False,False,eclipse,False,,,Lecture,2019-07-23 00:52:40.112302,,4.0,True,510.0,0.5,,,,,,,,,,,,,,0,0,0,0,0,no,0,no,1,no,0,no,0,no,0,no,0,1,0,0,0
169,2019-07-23 09:50:16,2019-07-22 16:17:46,0,,100,76,0,2019-07-29 19:29:02,R_1GQrSqOpd9eSly1,,,,,,,anonymous,ZH-S,,,,,,12.1.1,,,,,,Because the function sorts the list to facilitate the order,5,,,216,friend_small,yes,no,,,1,73,1,0,1,1,2019-08-14 22:05:09.139252,,Lecture,1,False,False,True,False,False,eclipse,False,,,Lecture,2019-07-23 15:05:51.749310,,3.0,True,510.0,0.5,I watched the video explaining bubble sort,,,,,,,,,,,,,61,0,0,0,0,no,0,no,0,no,0,no,0,no,0,no,0,1,0,0,0
170,2019-07-21 16:35:43,2019-07-20 09:28:12,0,,21,39,0,2019-08-15 13:28:35,R_vYNes8zrJIKIVfr,,,,,,,anonymous,EN,,,,3,Chrome,,,1920x1080,"in each iteration the unsorted list must decrease in its size by one, so by moving the largest element, algorithm can get repeat. ",,,,1,,,216,no_friend_small,no,yes,,,1,76,1,1,1,1,2019-08-06 15:58:46.026478,,Lecture,1,False,False,True,False,False,eclipse,False,,,Lecture,2019-07-23 15:54:34.936390,,2.0,True,510.0,1.0,,,,,,,,,,,,,,130,0,1,0,1,no,1,no,1,no,0,no,0,no,0,no,0,1,0,0,0
171,2019-07-22 23:37:15,2019-07-22 09:31:30,0,,21,16,0,2019-07-23 07:49:36,R_1I4NvM3YagGLi2W,,,,,,,anonymous,EN,,,,2,,,,1280x720,,,,,1,,,216,no_friend_big,yes,no,,,1,1,1,0,1,1,2019-08-14 02:07:01.512385,,Lecture,1,False,False,True,False,False,eclipse,False,,,Lecture,2019-07-23 05:13:21.280971,,4.0,True,510.0,1.0,,,,,,,,,,,,,,0,0,1,0,0,no,0,no,1,no,0,no,0,no,0,no,0,1,0,0,0
172,2019-07-23 08:33:13,2019-08-14 20:16:11,0,,100,1,0,2019-07-29 17:18:02,R_2Yn3nV8TuB1u9Ww,,,,,,,anonymous,EN,,,,1,,,,,This sorting method moves the largest item in the list to the back of the list progressively with each iteration.,,,,1,,,216,no_friend_small,no,yes,,,1,89,0,0,1,1,2019-08-13 13:50:09.495728,,Lecture,1,False,False,True,False,False,eclipse,False,,,Lecture,2019-07-20 15:41:03.852892,,4.0,False,510.0,0.5,,,,,,,,,,,,,,0,0,0,0,0,no,0,no,0,no,0,no,0,no,0,no,0,1,0,0,0
173,2019-07-28 20:06:06,2019-07-22 09:53:01,0,,21,97,0,2019-07-27 10:47:02,R_3hcDfmWIEU8MeUo,,,,,,,anonymous,EN,1.773,91.439,,,,,,1280x720,,,,,4,,,216,friend_big,no,yes,,Unknown,1,76,1,1,1,1,2019-08-12 01:58:51.441202,,Lecture,1,False,False,True,False,False,eclipse,False,,,Lecture,2019-07-23 04:39:01.727096,,2.0,False,510.0,1.0,,,,,,,,,,,,,,0,0,1,0,0,no,0,no,0,no,0,no,0,no,0,no,0,1,0,0,0
174,2019-07-19 23:59:55,2019-07-20 11:20:37,0,,100,47,0,2019-07-30 09:51:39,R_28V6xqJcXv6GwiB,,,,,,,anonymous,ZH-T,,,,,Chrome,75.0.3770.142,Macintosh,1280x800,,,,,4,,,216,no_friend_big,no,no,,,1,219,1,0,1,1,2019-08-14 18:01:16.432893,,Lecture,1,False,False,True,False,False,eclipse,False,,,Lecture,2019-07-23 13:58:54.543182,,2.0,True,510.0,0.5,,,,,,,,,,,,,,0,1,1,0,1,no,0,no,0,no,0,no,0,no,0,no,0,1,0,0,0
176,2019-07-22 11:52:07,2019-07-22 09:27:07,0,,100,219,1,2019-07-30 09:33:13,R_3RdU3oK5SYNPeiq,,,,,,,anonymous,EN,,,135.843,,,,,,,,,,1,,,216,no_friend_big,yes,no,,,1,45,1,1,1,1,2019-08-12 03:38:42.453305,,Lecture,1,False,False,True,False,False,monokai,False,,,Lecture,2019-07-22 22:04:14.703097,,2.0,True,510.0,1.0,The pcrs video has a similar example,,,,,,,,,,,,,0,0,0,0,1,no,0,no,1,no,0,no,0,no,0,no,0,1,0,0,0
177,2019-07-22 06:47:04,2019-07-23 08:26:49,0,,21,154,0,2019-07-27 17:35:07,R_3Hzc9Un0L9Cc15n,,,,,,,anonymous,EN,,27.752,12.728,,Chrome,,,,,,,,1,,,216,friend_small,no,yes,,,1,19,1,0,1,1,2019-08-13 05:27:51.029398,,Lecture,1,False,False,True,False,False,eclipse,False,,,Lecture,2019-07-23 15:44:10.591482,,2.0,True,510.0,1.0,,,,,,,,,,,,,,0,0,1,0,1,no,1,no,1,no,0,no,0,no,0,no,0,1,0,0,0
178,2019-07-21 22:30:48,2019-07-21 11:29:11,0,,21,37,1,2019-07-25 09:26:47,R_1jB0PWVKkoijkNG,,,,,,,anonymous,EN,6.355,1.635,,,,,,,,,,,5,,,216,no_friend_big,no,yes,,,1,228,1,0,1,1,2019-08-12 15:17:11.227003,,Lecture,1,False,False,True,False,False,eclipse,False,,,Lecture,2019-07-22 02:46:49.727790,,2.0,True,510.0,1.0,,,,,,,,,,,,,,0,0,0,0,0,no,0,no,1,no,0,no,0,no,0,no,0,1,0,0,0
179,2019-07-19 23:54:55,2019-07-22 22:34:22,0,,21,52,0,2019-07-30 09:41:48,R_3nBhjMKpXre7dKp,,,,,,,anonymous,EN,,,,4,Chrome,75.0.3770.142,Windows NT 10.0,1440x900,,,,,1,,,216,friend_small,no,no,,,1,20,1,0,1,1,2019-08-12 05:00:34.928858,,Lecture,1,False,False,True,False,False,eclipse,False,,,Lecture,2019-07-22 23:17:41.197393,,4.0,True,510.0,0.5,,,,,,,,,,,,,,0,0,0,0,1,no,1,no,0,no,0,no,0,no,0,no,0,1,0,0,0
180,2019-07-22 19:17:09,2019-07-20 13:42:18,0,,21,130,1,2019-07-22 22:04:54,R_ukpJ6H6zn3X1NW9,,,,,,,anonymous,EN,1.749,,179.605,,,,Macintosh,,,,,,1,,,216,friend_small,yes,yes,,,1,106,1,0,1,1,2019-08-12 05:22:58.838427,,Lecture,1,False,False,True,False,False,shaped ,False,,,Lecture,2019-07-23 03:29:32.883868,,2.0,False,510.0,0.5,,,,,,,,,,,,,,101,0,0,0,1,no,1,no,0,no,0,no,0,no,0,no,0,1,0,0,0
181,2019-07-20 13:41:28,2019-07-22 10:58:04,0,,100,62,0,2019-07-21 20:14:39,R_2tDWReLEtJtLPPl,,,,,,,anonymous,EN,37.792,,4.319,1,Chrome,,,,,,,,6,,,216,no_friend_big,no,no,,,1,108,1,0,1,1,2019-08-12 01:03:31.826959,,Lecture,1,False,False,False,False,False,eclipse,False,,,Lecture,2019-07-23 15:04:47.160445,,4.0,False,510.0,1.0,"For bubble search, if a number is bigger than the one following it, that number gets moved to the end of the list",,,,,,,,,,,,,0,0,0,0,1,no,0,no,1,no,0,no,0,no,0,no,0,1,0,0,0
182,2019-07-21 06:23:26,2019-07-21 22:54:54,0,,21,30,0,2019-07-21 06:23:40,R_SJoH82InxV8awgN,,,,,,,anonymous,EN,,50.96,63.615,1,Chrome,75.0.3770.100,,,,,,,3,,,216,friend_big,no,yes,,,1,78,1,1,1,1,2019-08-12 19:18:07.683871,,Lecture,1,False,False,True,False,False,eclipse,False,,,Lecture,2019-07-23 14:33:51.317786,,2.0,False,510.0,1.0,,,,,,,,,,,,,,0,0,1,0,1,no,0,no,0,no,0,no,0,no,0,no,0,1,0,0,0
183,2019-07-23 06:54:14,2019-07-20 10:46:46,0,,100,58,1,2019-07-28 10:45:10,R_3NVOuP3S4jaLmqh,,,,,,,anonymous,EN,9.609,,,,Chrome,,,1920x1080,,,,,1,,,216,friend_small,no,no,,,1,367,1,0,1,1,2019-08-15 00:40:46.935002,,Lecture,1,False,False,True,False,False,eclipse,False,,,Lecture,2019-07-23 10:33:25.102817,,4.0,True,510.0,1.0,,,,,,,,,,,,,,117,0,0,0,1,no,0,no,1,no,0,no,0,no,0,no,0,1,0,0,0
184,2019-07-23 09:23:19,2019-07-22 17:32:06,0,,21,30,1,2019-07-28 21:47:35,R_3fCpySUsofZKIrC,,,,,,,anonymous,EN,,,,,,,,1280x720,,,,,1,,,216,friend_big,yes,no,,,1,2,1,1,1,1,2019-08-14 21:30:57.782221,,Lecture,1,False,False,True,False,False,eclipse,False,,,Lecture,2019-07-23 04:00:37.368382,,4.0,False,510.0,0.5,,,,,,,,,,,,,,0,0,1,0,0,no,1,no,1,no,0,no,0,no,0,no,0,1,0,0,0
185,2019-07-23 07:33:41,2019-07-23 09:08:01,0,,21,32,0,2019-07-22 10:20:25,R_1kOJ7egdN7GrA4b,,,,,,,anonymous,EN,,,51.509,,,75.0.3770.142,,,,,,,1,,,216,no_friend_small,no,yes,,Unknown,1,84,1,0,1,1,2019-08-13 01:14:29.469430,,Lecture,1,False,False,True,False,False,eclipse,False,,,Lecture,2019-07-21 21:04:31.691459,,4.0,True,510.0,1.0,,,,,,,,,,,,,,168,0,1,0,0,no,0,no,1,no,0,no,0,no,0,no,0,1,0,0,0
186,2019-07-22 09:22:46,2019-07-21 06:23:40,0,,21,63,0,2019-07-29 12:08:18,R_1rv3KVOtPi2Agdv,,,,,,,anonymous,EN,1.191,10.348,,,,,Macintosh,1280x720,,,,because it is correct,1,,,216,no_friend_small,yes,no,,,1,47,1,0,1,1,2019-08-11 01:26:32.758759,,Lecture,1,False,False,True,False,False,eclipse,False,,,Lecture,2019-07-23 03:17:26.363282,,4.0,False,510.0,1.0,,,,,,,,,,,,,,0,1,1,0,1,no,0,no,0,no,0,no,0,no,0,no,0,1,0,0,0
187,2019-07-22 12:06:09,2019-07-21 22:30:50,0,,100,117,0,2019-07-22 20:10:46,R_1GUKx5PgDtarf3z,,,,,,,anonymous,EN,,,,2,,74.0.3729.169,Windows NT 10.0,,,I watched the video explaining bubble sort,,,5,,,216,no_friend_big,no,yes,,,1,1,1,0,1,1,2019-08-14 14:37:47.105021,,Lecture,1,False,False,True,False,False,eclipse,False,,,Lecture,2019-07-23 03:25:42.674328,,4.0,False,510.0,1.0,,,,,,,,,,,,,,31,0,1,0,1,no,1,no,0,no,0,no,0,no,0,no,0,1,0,0,0
192,2019-07-22 22:15:14,2019-07-22 07:49:08,0,,100,16,0,2019-07-28 17:27:25,R_2v2p5JubA1AxuDI,,,,,,,anonymous,EN,,,,19,Chrome,,,,,,,,1,,,216,no_friend_big,yes,yes,,,1,57,1,0,1,1,2019-08-12 03:13:43.310014,,Lecture,1,False,False,True,False,False,eclipse,False,,,Lecture,2019-07-21 20:02:25.742089,,4.0,True,510.0,0.5,"In bubble sort the values in the list are compared to each other starting from the left, as the numbers are compared the largest number would be pushed the furtherest",,,,,,,,,,,,,0,1,0,0,1,no,0,no,0,no,0,no,0,no,0,no,0,1,0,0,0
194,2019-07-22 09:26:35,2019-07-23 08:41:55,0,,100,73,0,2019-08-14 18:36:53,R_1NF8Qeijt25fHnW,,,,,,,anonymous,EN,,118.024,56.835,,,,,,,,That's how the algorithm was explained in the video.,,1,,,216,friend_small,no,yes,,,1,20,1,0,1,1,2019-08-07 01:38:03.408850,,Lecture,1,False,False,True,False,False,eclipse,False,,,Lecture,2019-07-23 15:38:29.908478,,4.0,False,510.0,1.0,"You are trying to sort the list from least to greatest. Therefore, the largest item will keep moving towards the right so the numbers are the right are smaller. After all of the passes, the list will be ordered from smallest to largest. ",,,,,,,,,,,,,0,1,0,0,0,no,0,no,1,no,0,no,0,no,0,no,0,1,0,0,0
195,2019-07-22 16:19:22,2019-07-19 08:19:06,0,,21,1,0,2019-07-20 16:46:51,R_3Wq4Ftu92M7PDkl,,,,,,,anonymous,EN,,,30.394,,Chrome,67.0,,,,,,,1,,,216,no_friend_big,yes,yes,,,1,16,1,0,1,1,2019-08-14 18:08:20.041179,,Lecture,1,False,False,True,False,False,eclipse,False,,,Lecture,2019-07-22 20:04:11.757889,,4.0,False,510.0,0.5,,,,,,,,,,,,,,0,0,0,0,0,no,1,no,1,no,0,no,0,no,0,no,0,1,0,0,0
196,2019-07-20 09:26:47,2019-07-23 09:32:31,0,,100,61,0,2019-07-29 13:03:17,R_1gnf0HP5oadmY6J,,,,,,,anonymous,EN,,,,,,75.0.3770.100,Macintosh,2560x1440,,,,,1,,,216,friend_small,yes,no,,,1,36,1,0,1,1,2019-08-11 18:11:00.649448,,Lecture,1,False,False,True,False,False,eclipse,False,,,Lecture,2019-07-23 04:34:00.428467,,4.0,True,510.0,1.0,because it is correct,,,,,,,,,,,,,0,1,0,0,0,no,0,no,1,no,0,no,0,no,0,no,0,1,0,0,0
197,2019-07-21 20:13:56,2019-07-22 06:48:01,0,,21,37,0,2019-07-29 10:33:05,R_s7iOXQrApAJrsWJ,,,,,,,anonymous,EN,2.076,,55.9,,,,,1440x900,,,,,5,,,216,friend_small,yes,yes,,,1,15,1,0,1,1,2019-08-14 22:14:23.696622,,Lecture,1,False,False,True,False,False,eclipse,False,,,Lecture,2019-07-22 00:32:08.914999,,2.0,True,510.0,1.0,,,,,,,,,,,,,,0,0,1,0,1,no,1,no,0,no,0,no,0,no,0,no,0,1,0,0,0
198,2019-07-22 14:34:00,2019-07-22 20:23:42,0,,100,228,0,2019-07-22 22:12:15,R_3Rz5u6fo6Q6HIOR,,,,,,,anonymous,ZH-S,,,,3,,75.0.3770.100,,,,,,,1,,,216,friend_big,no,yes,,,1,96,1,0,1,1,2019-08-15 02:22:58.246277,,Lecture,1,False,False,True,False,False,eclipse,False,,,Lecture,2019-07-22 23:39:23.686280,,4.0,True,510.0,1.0,The answer was most in line from what I learned in the videos,,,,,,,,,,,,,0,0,0,0,1,no,1,no,0,no,0,no,0,no,0,no,0,1,0,0,0
199,2019-07-22 14:24:20,2019-07-21 18:32:18,0,,21,241,0,2019-07-21 15:45:54,R_29gmfXAfkanlqBU,,,,,,,anonymous,EN,2.221,78.935,,,,75.0.3770.142,Macintosh,,,,,,1,a,,216,no_friend_big,no,no,,,1,41,1,0,1,1,2019-08-12 15:01:46.624931,,Lecture,1,False,False,True,False,False,eclipse,False,,,Lecture,2019-07-22 20:34:52.038056,,4.0,True,510.0,1.0,,,,,,,,,,,,,,0,0,1,0,0,no,0,no,1,no,0,no,0,no,0,no,0,1,0,0,0
200,2019-07-22 18:48:01,2019-07-23 04:32:29,0,,21,22,1,2019-07-29 21:56:03,R_3lt7ZWA7FOjCZ2p,,,,,,,anonymous,EN,,,,,,,,1366x768,,,,,1,,,216,no_friend_small,no,yes,,,1,22,1,1,1,1,2019-08-09 06:19:25.625853,,Lecture,1,False,False,True,False,False,monokai,False,,,Lecture,2019-07-20 15:45:45.433138,,4.0,True,510.0,1.0,,,,,,,,,,,,,,0,0,1,0,1,no,1,no,0,no,0,no,0,no,0,no,0,1,0,0,0
201,2019-07-20 13:35:59,2019-07-19 16:34:38,0,,21,15,0,2019-07-30 08:41:35,R_plpE9OrZo5sqscV,,,,,,,anonymous,EN,22.618,,,,,,,,,"because bubble sort is an algorithm that supposedly ""sorts"" items from smallest to largest. bubble sort is used once, so the last item on the list would be the largest ",,,1,,,216,friend_small,no,yes,,,1,14,1,0,1,1,2019-08-11 13:43:03.697461,,Lecture,1,False,False,True,False,False,eclipse,False,,,Lecture,2019-07-21 17:28:53.572780,,2.0,False,510.0,1.0,,,,,,,,,,,,,,0,0,1,0,0,no,0,no,1,no,0,no,0,no,0,no,0,1,0,0,0
202,2019-07-22 11:20:26,2019-07-23 09:45:41,0,,21,64,1,2019-07-31 09:53:10,R_27KK8Od7qagI2wI,,,,,,,anonymous,ZH-T,,10.489,,,,,,,,,,,4,,,216,no_friend_big,no,yes,,,1,1625,1,0,1,1,2019-08-13 17:17:33.495382,,Lecture,1,False,False,True,False,False,eclipse,False,,,Lecture,2019-07-22 01:12:56.097301,,4.0,True,510.0,1.0,,,,,,,,,,,,,,0,0,0,0,0,no,1,no,1,no,0,no,0,no,0,no,0,1,0,0,0
203,2019-07-23 07:53:14,2019-07-22 18:52:59,0,,100,216,1,2019-07-28 19:20:41,R_32JTRq1zueoEPZN,,,,,,,anonymous,EN,,,,11,,,Macintosh,,,,,,5,,,216,friend_big,no,no,,,1,97,1,0,1,1,2019-08-13 21:40:04.188457,,Lecture,1,False,False,True,False,False,eclipse,False,,,Lecture,2019-07-23 15:25:06.030639,,4.0,True,510.0,0.5,,,,,,,,,,,,,,120,0,1,0,1,no,0,no,0,no,0,no,0,no,0,no,0,1,0,0,0
204,2019-07-19 16:33:49,2019-07-23 09:54:43,0,,21,86,0,2019-07-26 14:39:24,R_2c6JeeLegLubI2c,,,,,,,anonymous,EN,,61.893,,,,,,1440x900,,,,,1,,,216,no_friend_big,yes,no,,,1,2159,1,0,1,1,2019-08-11 21:53:09.813306,,Lecture,1,False,False,True,False,False,eclipse,False,,,Lecture,2019-07-22 21:21:15.851589,,2.0,False,510.0,0.5,,,,,,,,,,,,,,0,0,0,0,1,no,0,no,1,no,0,no,0,no,0,no,0,1,0,0,0
207,2019-07-23 09:47:14,2019-07-23 09:51:11,0,,21,22,1,2019-07-29 20:14:57,R_3oLzuwxYLlf9aBz,,,,,,,anonymous,EN,1.775,,,,Chrome,,,1536x864,,,,,1,,,216,friend_small,yes,no,,,1,47,0,1,1,1,2019-08-12 01:16:30.045021,,Lecture,1,False,False,True,False,False,eclipse,False,,,Lecture,2019-07-19 20:39:35.006251,,2.0,False,510.0,0.5,"In bubble sort, it sorts from smallest to largest moving left to right",,,,,,,,,,,,,0,0,0,0,0,no,1,no,1,no,0,no,0,no,0,no,0,1,0,0,0
208,2019-08-14 20:12:22,2019-07-28 20:07:06,0,,100,57,0,2019-07-29 17:35:42,R_3hrsLERuo6kDXRw,,,,,,,anonymous,EN,,,,,Chrome,75.0.3770.142,,,,,,,1,,,216,friend_small,yes,yes,,,1,130,1,0,1,1,2019-08-05 14:25:19.649336,,Lecture,1,False,False,True,False,False,eclipse,False,,,Lecture,2019-07-23 09:41:31.073355,,4.0,True,510.0,1.0,,,,,,,,,,,,,,0,0,0,0,0,no,1,no,0,no,0,no,0,no,0,no,0,1,0,0,0
209,2019-07-22 19:25:57,2019-07-23 09:27:17,0,,21,134,0,2019-07-28 11:50:03,R_3qjnHcJOEFJfMlk,,,,,,,anonymous,EN,,25.821,,2,,,,,,,,,4,,,216,no_friend_small,no,no,,,1,48,0,0,1,1,2019-08-12 02:03:04.774985,,Lecture,1,False,False,True,False,False,monokai,False,,,Lecture,2019-07-23 02:58:40.446582,,4.0,True,510.0,1.0,,,,,,,,,,,,,,0,0,0,0,1,no,1,no,1,no,0,no,0,no,0,no,0,1,0,0,0
216,2019-07-22 22:38:41,2019-07-23 06:32:49,0,,21,307,1,2019-07-22 15:48:58,R_30qnNj2dVuBXZXX,,,,,,,anonymous,EN,,,,,Chrome,,,1280x720,,,,,1,,,216,no_friend_small,yes,yes,,,1,285,1,0,1,1,2019-08-08 23:50:17.783677,,Lecture,1,False,False,True,False,False,eclipse,False,,,Lecture,2019-07-21 23:26:19.663486,,2.0,False,510.0,1.0,"keep compare[i] and [i + 1]  and move the larger number to the right, which eventually have the largest on the right ",,,,,,,,,,,,,0,0,1,0,1,no,0,no,0,no,0,no,0,no,0,no,0,1,0,0,0
217,2019-07-22 20:57:01,2019-07-22 21:18:06,0,,21,131,1,2019-07-23 08:07:07,R_1q2me1QTPBxwETt,,,,,,,anonymous,EN,,,,11,,,Windows NT 10.0,,,,,,1,,,216,no_friend_big,yes,yes,,,1,80,1,0,1,1,2019-08-12 01:44:56.753985,,Lecture,1,False,False,True,False,False,eclipse,False,,,Lecture,2019-07-21 17:49:24.496972,,2.0,True,510.0,0.5,,,,,,,,,,,,,,0,1,0,0,1,no,0,no,1,no,0,no,0,no,0,no,0,1,0,0,0
218,2019-08-16 19:30:04,2019-08-18 21:18:20,0,,100,84,0,2019-07-22 19:28:00,R_3R2yws5kor2A4L0,,,,,,,anonymous,EN,,59.194,,,,,Macintosh,,,,,,1,,,216,friend_big,yes,yes,,,1,103,1,0,1,1,2019-08-12 03:49:50.295394,,Lecture,1,False,False,True,False,False,eclipse,False,,,Lecture,2019-07-20 17:20:41.148958,,4.0,False,510.0,1.0,,,,,,,,,,,,,,0,0,1,0,0,no,0,no,0,no,0,no,0,no,0,no,0,1,0,0,0
219,2019-07-22 14:03:51,2019-07-27 16:32:40,0,,100,24,0,2019-07-31 16:50:19,R_1N5h64ZMwJllasX,,,,,,,anonymous,EN,,,,,Chrome,,,,,,,,1,,,216,no_friend_big,yes,yes,,,1,37,1,0,1,1,2019-08-12 14:25:59.668918,,Lecture,1,False,False,True,False,False,eclipse,False,,,Lecture,2019-07-19 21:38:18.195928,,4.0,False,510.0,1.0,,,,,,,,,,,,,,0,0,0,0,0,no,1,no,1,no,0,no,0,no,0,no,0,1,0,0,0
220,2019-07-23 06:52:38,2019-07-23 08:07:07,0,,21,54,1,2019-07-27 16:48:03,R_t03tY7uugOlbylb,,,,,,,anonymous,ZH-S,,,,1,,,Windows NT 10.0,1280x800,,,,,1,,,216,friend_small,no,no,,,1,97,1,1,1,1,2019-08-12 02:17:53.261634,,Lecture,1,False,False,True,False,False,eclipse,False,,,Lecture,2019-07-23 09:12:05.029150,,4.0,False,510.0,1.0,,,,,,,,,,,,,,82,1,1,0,0,no,1,no,0,no,0,no,0,no,0,no,0,1,0,0,0
221,2019-07-22 17:17:31,2019-07-23 07:34:07,0,,21,147,0,2019-07-23 06:55:41,R_294Csr6ae4OnnU0,,,,,,,anonymous,EN,,,,12,,18.17763,CrOS x86_64 12105.90.0,,"be honest, by guessing. the word ""Sort"" gives me a hint that largest items are most likely on the far right",,,,1,This is really annoying.,,216,friend_big,yes,yes,,,1,25,1,0,1,1,2019-08-12 15:40:56.290406,,Lecture,1,False,False,True,False,False,eclipse,False,,,Lecture,2019-07-23 05:38:33.172855,,2.0,True,510.0,1.0,,,,,,,,,,,,,,0,0,0,0,1,no,0,no,0,no,0,no,0,no,0,no,0,1,0,0,0
222,2019-07-22 21:26:17,2019-07-23 06:55:41,0,,21,202,0,2019-07-30 07:47:23,R_vxfOgFWDaVILImR,,,,,,,anonymous,ZH-S,,140.731,,,,,,,,,,,1,,,216,friend_big,yes,no,,,1,24,1,0,1,1,2019-08-12 13:06:34.442541,,Lecture,1,False,False,True,False,False,eclipse,False,,,Lecture,2019-07-22 15:31:14.381820,,2.0,True,510.0,0.5,bubble search is to push the largest number to the far right side ,,,,,,,,,,,,,113,0,0,0,0,no,1,no,1,no,0,no,0,no,0,no,0,1,0,0,0
230,2019-07-23 09:52:19,2019-07-22 19:18:09,0,,21,285,0,2019-07-20 10:54:16,R_2U0lAEKL1ZnbCum,,,,,,,anonymous,EN,,47.143,,5,,75.0.3770.100,,,,,,,1,,,216,friend_small,yes,yes,,,1,83,1,0,1,1,2019-08-14 04:41:40.386434,,Lecture,1,False,False,True,False,False,eclipse,False,,,Lecture,2019-07-23 05:10:43.268644,,,True,510.0,0.5,,,,,,,,,,,,,,0,0,0,0,0,no,0,no,1,no,0,no,0,no,0,no,0,1,0,0,0
231,2019-07-23 06:32:19,2019-07-22 21:29:18,8,,21,59,0,2019-07-21 20:47:30,R_1mOFBm4UzZ5jmTs,,,,,,,anonymous,ZH-S,,113.626,,,Chrome,75.0.3770.142,,1440x900,,,,,1,,,216,friend_big,no,no,,,1,1,1,1,1,1,2019-08-14 15:16:08.611836,,Lecture,1,False,False,True,False,False,eclipse,False,,,Lecture,2019-07-21 14:16:06.409980,,2.0,,510.0,1.0,,,,,,,,,,,,,,0,0,1,0,1,no,1,no,1,no,0,no,0,no,0,no,0,1,0,0,0
232,2019-07-23 09:32:48,2019-07-23 09:30:38,0,,21,19,0,2019-07-22 19:18:09,R_12ykayaGld1YSxW,,,,,,,anonymous,EN,,,3.433,,,,Macintosh,,,,,,1,,,216,no_friend_big,yes,yes,,,1,36,0,0,1,1,2019-08-14 19:14:57.931436,,Lecture,1,False,False,True,False,False,eclipse,False,,,Lecture,2019-07-23 06:31:00.853352,,4.0,True,510.0,1.0,,,,,,,,,,,,,,0,0,1,0,0,no,1,no,0,no,0,no,0,no,0,no,0,1,0,0,0
233,2019-07-22 09:49:06,2019-07-20 10:54:15,0,,21,1211,0,2019-07-29 18:11:21,R_294XpeZju6PBsDh,,,,,,,anonymous,ZH-S,,,,,,,,,,,,"For bubble search, if a number is bigger than the one following it, that number gets moved to the end of the list",4,,,216,no_friend_big,no,yes,,,1,130,1,0,1,1,2019-08-11 21:51:40.525476,,Lecture,1,False,False,True,False,False,eclipse,False,,,Lecture,,,2.0,False,510.0,1.0,,,,,,,,,,,,,,0,1,0,0,1,no,1,no,1,no,0,no,0,no,0,no,0,1,0,0,0
234,2019-07-22 22:01:46,2019-07-20 09:43:10,0,,21,37,0,2019-07-29 09:46:32,R_3DwlZEmPNI1C8S8,,,,,,,anonymous,EN,,,,21,,,,,,,,,6,,,216,no_friend_small,yes,no,,,1,216,1,0,1,1,2019-08-12 00:24:17.902914,,Lecture,1,False,False,True,False,False,eclipse,False,,,Lecture,2019-07-22 15:27:13.216336,,2.0,True,510.0,1.0,,,,,,,,,,,,,,0,0,1,0,1,no,1,no,1,no,0,no,0,no,0,no,0,1,0,0,0
235,2019-07-22 14:08:36,2019-07-20 15:38:01,0,,21,41,0,2019-07-30 09:06:07,R_1CHNRuG644Rd2wY,,,,,,,anonymous,EN,,,,,,12.1,,,,,,,1,,,216,friend_big,no,yes,,,1,52,1,1,1,1,2019-08-10 21:34:48.910067,,Lecture,1,False,False,True,False,False,monokai,False,,,Lecture,2019-07-22 16:32:28.569113,,2.0,False,510.0,1.0,,,,,,,,,,,,,,0,0,0,0,0,no,0,no,0,no,0,no,0,no,0,no,0,1,0,0,0
236,2019-07-23 08:40:06,2019-07-22 21:25:24,0,,21,57,1,2019-08-15 23:37:04,R_3no4qEoTGnhFgPI,,,,,,,anonymous,ZH-S,0.979,,,2,,,Macintosh,1920x1080,,"forgot how bubble sort worked, i remember that that their will be movement and replacement but i think i am confusing it with selection sort",,,1,,,216,friend_small,yes,yes,,,1,397,1,1,1,1,2019-08-02 16:21:57.469259,,Lecture,1,False,False,True,False,False,eclipse,False,,,Lecture,2019-07-22 17:20:43.991293,,4.0,False,510.0,0.5,,,,,,,,,,,,,,0,0,0,0,0,no,1,no,0,no,0,no,0,no,0,no,0,1,0,0,0
237,2019-07-20 10:46:25,2019-07-23 08:25:23,0,,21,2,0,2019-07-29 21:17:40,R_3hGYgOXJI2scEi2,,,,,,,anonymous,EN,,,,,,75.0.3770.142,Windows NT 10.0,,,,,,1,,,216,no_friend_small,no,yes,,,1,65,1,1,1,1,2019-08-14 19:08:33.326446,,Lecture,1,False,False,True,False,False,eclipse,False,,,Lecture,2019-07-22 22:17:41.554737,,2.0,False,510.0,0.5,,,,,,,,,,,,,,113,0,0,0,1,no,0,no,1,no,0,no,0,no,0,no,0,1,0,0,0
238,2019-07-22 08:08:53,2019-07-20 13:37:08,0,,21,104,0,2019-07-28 12:15:40,R_zUaHD0owoAfxQtz,,,,,,,anonymous,ZH-S,5.162,,,3,,75.0.3770.129,Windows NT 10.0,,,,,,1,,,216,no_friend_small,no,no,,,1,37,1,0,1,1,2019-08-12 13:25:23.126570,,Lecture,1,False,False,True,False,False,eclipse,False,,,Lecture,2019-07-21 06:38:31.571319,,2.0,True,510.0,1.0,This is what the PCRS video taught me.,,,,,,,,,,,,,0,0,0,0,1,no,0,no,1,no,0,no,0,no,0,no,0,1,0,0,0
239,2019-07-22 16:18:16,2019-07-23 07:59:03,0,,21,42,0,2019-07-19 16:34:38,R_1PZYA2VhMqurJCA,,,,,,,anonymous,EN,,25.627,,,,,,,,,,,7,,,216,no_friend_small,no,yes,,,1,15,1,0,1,1,2019-08-14 22:05:10.529758,,Lecture,1,False,False,True,False,False,eclipse,False,,,Lecture,2019-07-20 22:47:39.058469,,2.0,False,510.0,0.5,,,,,,,,,,,,,,0,0,0,0,0,no,1,no,0,no,0,no,0,no,0,no,0,1,0,0,0
242,2019-07-21 11:28:29,2019-07-22 17:35:41,0,,21,32,0,2019-07-30 07:35:12,R_27O6xMTZFenTOmc,,,,,,,anonymous,EN,,,,1,,10.1.1,Windows NT 10.0,,,,,,6,"N/A
",,216,no_friend_big,yes,no,,,1,37,1,0,1,1,2019-08-13 08:11:40.249464,,Lecture,1,False,False,True,False,False,eclipse,False,,,Lecture,2019-07-22 16:20:57.583228,,4.0,False,510.0,0.5,,,,,,,,,,,,,,0,1,1,0,0,no,0,no,1,no,0,no,0,no,0,no,0,1,0,0,0
243,2019-07-23 07:58:48,2019-07-22 17:38:49,0,,100,37,0,2019-07-30 08:56:44,R_2VJSL2T5sJhXKRp,,,,,,,anonymous,EN,2.911,,19.621,,Chrome,,,,,,,,1,,,216,no_friend_big,no,yes,,,1,41,1,0,1,1,2019-08-13 01:08:32.007083,,Lecture,1,False,False,True,False,False,eclipse,False,,,Lecture,2019-07-23 01:55:50.724466,,4.0,True,510.0,1.0,,,,,,,,,,,,,,0,0,0,0,0,no,0,no,0,no,0,no,0,no,0,no,0,1,0,0,0
245,2019-07-22 19:00:43,2019-07-19 23:56:04,0,,21,89,1,2019-07-26 08:19:06,R_3iX1TH5avwyJfVR,,,,,,,anonymous,ZH-S,1.325,98.652,,5,,,,,,,,I think the item that was originally at index 0 will move to the far right.,6,,,216,friend_big,yes,no,,Unknown,1,56,1,1,1,1,2019-08-13 20:52:16.779543,,Lecture,1,False,False,True,False,False,eclipse,False,,,Lecture,2019-07-20 19:36:36.247663,,4.0,False,510.0,1.0,,,,,,,,,,,,,,0,1,1,0,1,no,0,no,1,no,0,no,0,no,0,no,0,1,0,0,0
248,2019-07-21 20:46:52,2019-07-22 13:45:59,0,,100,1,0,2019-07-29 14:35:35,R_3OitIDx16DTAfTR,,,,,,,anonymous,EN,,,,4,,,Macintosh,,,,,,1,,,216,no_friend_small,yes,yes,,Unknown,1,154,1,0,1,1,2019-08-12 09:08:49.294669,,Lecture,1,False,False,True,False,False,eclipse,False,,,Lecture,2019-07-22 23:32:21.466037,,4.0,True,510.0,0.5,,,,,,,,,,,,,,9,1,0,0,1,no,1,no,1,no,0,no,0,no,0,no,0,1,0,0,0
249,2019-07-22 23:42:35,2019-07-23 09:33:01,0,,21,22,0,2019-07-22 09:27:07,R_1mO4Xv6IivKArRB,,,,,,,anonymous,EN,,29.861,,,,,,,,,,honestly i have a huge exam tomorrow and just havent watched the videos at all yet so i just guessed,1,,,216,friend_big,no,yes,,,1,62,1,1,1,1,2019-08-15 03:37:03.077701,,Lecture,1,False,False,True,False,False,eclipse,False,,,Lecture,2019-07-23 13:58:41.384278,,4.0,False,510.0,1.0,,,,,,,,,,,,,,0,0,0,0,1,no,1,no,0,no,0,no,0,no,0,no,0,1,0,0,0
250,2019-07-22 09:25:29,2019-07-22 09:50:30,0,,21,26,0,2019-07-30 09:54:54,R_3QKqipQ8qcqKbrj,,,,,,,anonymous,EN,,,,4,,,,,,,,,1,,,216,friend_small,yes,no,,,1,36,0,0,1,1,2019-08-12 14:59:01.964424,,Lecture,1,False,False,True,False,False,eclipse,False,,,Lecture,2019-07-22 16:58:18.114642,,4.0,True,510.0,0.5,,,,,,,,,,,,,,0,0,0,0,0,no,1,no,1,no,0,no,0,no,0,no,0,1,0,0,0
251,2019-07-22 18:06:48,2019-07-22 19:54:13,0,,21,78,0,2019-07-29 23:42:03,R_6xvMyJdyMpjgwOR,,,,,,,anonymous,EN,,,,4,,,,,,,,,4,,,216,no_friend_big,no,yes,,,1,13,1,1,1,1,2019-08-12 21:14:14.542502,,Lecture,1,False,False,True,False,False,eclipse,False,,,Lecture,2019-07-23 02:11:07.622970,,4.0,True,510.0,0.5,,,,,,,,,,,,,,70,1,0,0,1,no,0,no,0,no,0,no,0,no,0,no,0,1,0,0,0
253,2019-07-22 16:16:41,2019-07-22 10:20:25,0,,21,397,1,2019-07-30 08:34:50,R_27p4SLNzmh4k2uR,,,,,,,anonymous,ZH-S,93.835,3.183,57.611,,Chrome,,Windows NT 10.0,,,,,,1,,,216,friend_big,no,no,,,1,30,0,1,1,1,2019-08-12 15:15:03.299195,,Lecture,1,False,False,True,False,False,eclipse,False,,,Lecture,2019-07-22 02:15:00.461181,,4.0,True,510.0,0.5,,,,,,,,,,,,,,0,0,0,0,0,no,1,no,0,no,0,no,0,no,0,no,0,1,0,0,0
255,2019-07-21 00:33:23,2019-07-21 01:49:20,0,,21,15,0,2019-07-28 08:15:33,R_1K3VpMZI0HYful7,,,,,,,anonymous,EN,11.405,,,,Chrome,11.1.2,,,,,,,4,,,216,friend_small,no,yes,,,1,14,1,0,1,1,2019-08-11 17:04:11.772981,,Lecture,1,False,False,True,False,False,eclipse,False,,,Lecture,2019-07-23 13:34:07.563764,,2.0,True,510.0,1.0,"bubble sort compares one character at a specific index to the character to the right of it, if the character to the right is smaller (and thus the character at the specific index is larger), the indices will switch sorting the characters from smaller -> larger ",,,,,,,,,,,,,0,0,0,0,1,no,1,no,0,no,0,no,0,no,0,no,0,1,0,0,0
257,2019-07-22 23:12:59,2019-08-14 14:36:52,0,,21,44,0,2019-07-28 21:06:58,R_1rMI5Bk1nIbpExT,,,,,,,anonymous,EN,,46.363,,2,Chrome,,,,,,,,1,,,216,friend_big,yes,yes,,,1,50,1,1,1,1,2019-08-11 23:27:48.531755,,Lecture,1,False,False,True,False,False,monokai,False,,,Lecture,2019-07-22 15:52:29.040749,,2.0,False,510.0,1.0,I guessed,,,,,,,,,,,,,0,0,0,0,1,no,1,no,1,no,0,no,0,no,0,no,0,1,0,0,0
